{
     "bias_beauty_products_prune5": {
        "0.1": 0.005401876880530326,
        "0.2": 0.006137161840253081,
        "0.3": 0.0058124977500036284,
        "0.4": 0.0059338532490284535,
        "0.5": 0.005665902573253254,
        "0.6": 0.005857766977502094,
        "0.7": 0.005968085806556202,
        "0.8": 0.005976690783912948,
        "0.9": 0.006000522592583495,
        "1.0": 0.006216766717385434
    },
     "funksvd_beauty_products_prune5": {
        "0.1": 0.0056876180263222996,
        "0.2": 0.009075225180663045,
        "0.3": 0.008888285666071243,
        "0.4": 0.009128850916460726,
        "0.5": 0.009368232733908868,
        "0.6": 0.009288545581564151,
        "0.7": 0.009227145590992367,
        "0.8": 0.00949787846970816,
        "0.9": 0.009423523788163553,
        "1.0": 0.009443280748519972
    },
    "popular_beauty_products_prune5": {
        "0.1": 0.008381453651683033,
        "0.2": 0.009168972609541559,
        "0.3": 0.009283488206078381,
        "0.4": 0.009254184437765869,
        "0.5": 0.009600004119872125,
        "0.6": 0.009341534971247598,
        "0.7": 0.009516504834278712,
        "0.8": 0.009577377903565311,
        "0.9": 0.009628729086880216,
        "1.0": 0.00970736845710081
    },
    "popularity_beauty_products_prune5": {
        "0.1": 0.008655397808829506,
        "0.2": 0.008851580351948714,
        "0.3": 0.008697625686317255,
        "0.4": 0.008854880073711463,
        "0.5": 0.008679478666605112,
        "0.6": 0.008766713737077712,
        "0.7": 0.008779642150743491,
        "0.8": 0.008869192968779947,
        "0.9": 0.009121221254366305,
        "1.0": 0.008991692727670477
    },
    "random_beauty_products_prune5": {
        "0.1": 0.0004941212097418267,
        "0.2": 0.0005922817471349853,
        "0.3": 0.0003439195583991167,
        "0.4": 0.0002676535947402638,
        "0.5": 0.00016499186345191798,
        "0.6": 0.0005065122709547281,
        "0.7": 0.0003975606921041019,
        "0.8": 0.0005361827835974477,
        "0.9": 0.00046011891544033386,
        "1.0": 0.0003707400020397428
    }
}