{
    "itemknn_beauty_products_prune5": {
        "0.1": 0.0021095162235788474,
        "0.2": 0.004184121514088294,
        "0.3": 0.005560818445090817,
        "0.4": 0.01190020357599835,
        "0.5": 0.016757910798082507,
        "0.6": 0.020157031395715057,
        "0.7": 0.02671169465845294,
        "0.8": 0.03209886871825959,
        "0.9": 0.04046336770810184,
        "1.0": 0.04510617217406007
    },
    "itemknn_recpack_beauty_products_prune5": {
        "0.1": 0.004449440037994379,
        "0.2": 0.006475381568387792,
        "0.3": 0.013074631707156148,
        "0.4": 0.01817652567912396,
        "0.5": 0.022523174519977214,
        "0.6": 0.029852728779897694,
        "0.7": 0.035754311956284215,
        "0.8": 0.044489944196020995,
        "0.9": 0.05309816444933564,
        "1.0": 0.05680636317194616
    },
    "userknn_beauty_products_prune5": {
        "0.1": 0.0026045449764104858,
        "0.2": 0.007944665312388226,
        "0.3": 0.013113575957686826,
        "0.4": 0.024275109399156905,
        "0.5": 0.031260687738412424,
        "0.6": 0.035665757173493656,
        "0.7": 0.04383970954422027,
        "0.8": 0.04980575885314096,
        "0.9": 0.057563135587315885,
        "1.0": 0.060737946395925196
    }
}