{
    "bias_beauty_products_prune5": {
        "0.1": 0.005401876880530326,
        "0.2": 0.006137161840253081,
        "0.3": 0.0058124977500036284,
        "0.4": 0.0059338532490284535,
        "0.5": 0.005665902573253254,
        "0.6": 0.005857766977502094,
        "0.7": 0.005968085806556202,
        "0.8": 0.005976690783912948,
        "0.9": 0.006000522592583495,
        "1.0": 0.006216766717385434
    },
    "bpr_beauty_products_prune5": {
        "0.1": 0.0017641451068881612,
        "0.2": 0.003940450349922654,
        "0.3": 0.006666116634014035,
        "0.4": 0.011179730454618854,
        "0.5": 0.011534929990490496,
        "0.6": 0.012981070824866294,
        "0.7": 0.016701449520468016,
        "0.8": 0.020508158943193997,
        "0.9": 0.021794565961401537,
        "1.0": 0.02418435028984004
    },
    "ease_beauty_products_prune5": {
        "0.1": 0.008048700635545447,
        "0.2": 0.015085975867609734,
        "0.3": 0.027032517911280494,
        "0.4": 0.03245616382486556,
        "0.5": 0.03872908424307718,
        "0.6": 0.0465400501694809,
        "0.7": 0.05116320090665874,
        "0.8": 0.05913556766729894,
        "0.9": 0.06488647465520624,
        "1.0": 0.06831451406747266
    },
    "funksvd_beauty_products_prune5": {
        "0.1": 0.0056876180263222996,
        "0.2": 0.009075225180663045,
        "0.3": 0.008888285666071243,
        "0.4": 0.009128850916460726,
        "0.5": 0.009368232733908868,
        "0.6": 0.009288545581564151,
        "0.7": 0.009227145590992367,
        "0.8": 0.00949787846970816,
        "0.9": 0.009423523788163553,
        "1.0": 0.009443280748519972
    },
    "implicitmf_beauty_products_prune5": {
        "0.1": 0.003983007502290215,
        "0.2": 0.011615108926202352,
        "0.3": 0.01704195392888005,
        "0.4": 0.025433396716773107,
        "0.5": 0.03180755695572641,
        "0.6": 0.034041738918483534,
        "0.7": 0.040869316858112736,
        "0.8": 0.04468564335431431,
        "0.9": 0.05008228093214779,
        "1.0": 0.051965074947947845
    },
    "itemknn_beauty_products_prune5": {
        "0.1": 0.0021095162235788474,
        "0.2": 0.004184121514088294,
        "0.3": 0.005560818445090817,
        "0.4": 0.01190020357599835,
        "0.5": 0.016757910798082507,
        "0.6": 0.020157031395715057,
        "0.7": 0.02671169465845294,
        "0.8": 0.03209886871825959,
        "0.9": 0.04046336770810184,
        "1.0": 0.04510617217406007
    },
    "itemknn_recpack_beauty_products_prune5": {
        "0.1": 0.004449440037994379,
        "0.2": 0.006475381568387792,
        "0.3": 0.013074631707156148,
        "0.4": 0.01817652567912396,
        "0.5": 0.022523174519977214,
        "0.6": 0.029852728779897694,
        "0.7": 0.035754311956284215,
        "0.8": 0.044489944196020995,
        "0.9": 0.05309816444933564,
        "1.0": 0.05680636317194616
    },
    "kunn_beauty_products_prune5": {
        "0.1": 0.005182159940060074,
        "0.2": 0.006713116937209133,
        "0.3": 0.012678247373811624,
        "0.4": 0.016054182279640047,
        "0.5": 0.021515312710717483,
        "0.6": 0.027871009024442783,
        "0.7": 0.03353278589936219,
        "0.8": 0.044377824338407965,
        "0.9": 0.05344997866633959,
        "1.0": 0.05655917104006456
    },
    "popular_beauty_products_prune5": {
        "0.1": 0.008381453651683033,
        "0.2": 0.009168972609541559,
        "0.3": 0.009283488206078381,
        "0.4": 0.009254184437765869,
        "0.5": 0.009600004119872125,
        "0.6": 0.009341534971247598,
        "0.7": 0.009516504834278712,
        "0.8": 0.009577377903565311,
        "0.9": 0.009628729086880216,
        "1.0": 0.00970736845710081
    },
    "popularity_beauty_products_prune5": {
        "0.1": 0.008655397808829506,
        "0.2": 0.008851580351948714,
        "0.3": 0.008697625686317255,
        "0.4": 0.008854880073711463,
        "0.5": 0.008679478666605112,
        "0.6": 0.008766713737077712,
        "0.7": 0.008779642150743491,
        "0.8": 0.008869192968779947,
        "0.9": 0.009121221254366305,
        "1.0": 0.008991692727670477
    },
    "random_beauty_products_prune5": {
        "0.1": 0.0004941212097418267,
        "0.2": 0.0005922817471349853,
        "0.3": 0.0003439195583991167,
        "0.4": 0.0002676535947402638,
        "0.5": 0.00016499186345191798,
        "0.6": 0.0005065122709547281,
        "0.7": 0.0003975606921041019,
        "0.8": 0.0005361827835974477,
        "0.9": 0.00046011891544033386,
        "1.0": 0.0003707400020397428
    },
    "slim_beauty_products_prune5": {
        "0.1": 0.0,
        "0.2": 0.0,
        "0.3": 0.0,
        "0.4": 0.00273434348640048,
        "0.5": 0.007893530104629655,
        "0.6": 0.019047018893874276,
        "0.7": 0.02687401714154851,
        "0.8": 0.03672512436185074,
        "0.9": 0.043570981433431986,
        "1.0": 0.04677413836672516
    },
    "svd_beauty_products_prune5": {
        "0.1": 0.010093901780941064,
        "0.2": 0.017146765110413964,
        "0.3": 0.026183481370822163,
        "0.4": 0.028567219595855592,
        "0.5": 0.031161269558173346
    },
    "svditemtoitem_beauty_products_prune5": {
        "0.1": 0.008201129136820366,
        "0.2": 0.01744517904807666,
        "0.3": 0.02671515502453328,
        "0.4": 0.030437295774020125,
        "0.5": 0.03367332053959394,
        "0.6": 0.03803961322330131,
        "0.7": 0.041984956662995385,
        "0.8": 0.04687917975458451,
        "0.9": 0.05085356824332757,
        "1.0": 0.0523609887397357
    },
    "userknn_beauty_products_prune5": {
        "0.1": 0.0026045449764104858,
        "0.2": 0.007944665312388226,
        "0.3": 0.013113575957686826,
        "0.4": 0.024275109399156905,
        "0.5": 0.031260687738412424,
        "0.6": 0.035665757173493656,
        "0.7": 0.04383970954422027,
        "0.8": 0.04980575885314096,
        "0.9": 0.057563135587315885,
        "1.0": 0.060737946395925196
    }
}