{
    "bpr_beauty_products_prune5": {
        "0.1": 0.0017641451068881612,
        "0.2": 0.003940450349922654,
        "0.3": 0.006666116634014035,
        "0.4": 0.011179730454618854,
        "0.5": 0.011534929990490496,
        "0.6": 0.012981070824866294,
        "0.7": 0.016701449520468016,
        "0.8": 0.020508158943193997,
        "0.9": 0.021794565961401537,
        "1.0": 0.02418435028984004
    },
    "ease_beauty_products_prune5": {
        "0.1": 0.008048700635545447,
        "0.2": 0.015085975867609734,
        "0.3": 0.027032517911280494,
        "0.4": 0.03245616382486556,
        "0.5": 0.03872908424307718,
        "0.6": 0.0465400501694809,
        "0.7": 0.05116320090665874,
        "0.8": 0.05913556766729894,
        "0.9": 0.06488647465520624,
        "1.0": 0.06831451406747266
    },
    "implicitmf_beauty_products_prune5": {
        "0.1": 0.003983007502290215,
        "0.2": 0.011615108926202352,
        "0.3": 0.01704195392888005,
        "0.4": 0.025433396716773107,
        "0.5": 0.03180755695572641,
        "0.6": 0.034041738918483534,
        "0.7": 0.040869316858112736,
        "0.8": 0.04468564335431431,
        "0.9": 0.05008228093214779,
        "1.0": 0.051965074947947845
    },
    "kunn_beauty_products_prune5": {
        "0.1": 0.005182159940060074,
        "0.2": 0.006713116937209133,
        "0.3": 0.012678247373811624,
        "0.4": 0.016054182279640047,
        "0.5": 0.021515312710717483,
        "0.6": 0.027871009024442783,
        "0.7": 0.03353278589936219,
        "0.8": 0.044377824338407965,
        "0.9": 0.05344997866633959,
        "1.0": 0.05655917104006456
    },
    "slim_beauty_products_prune5": {
        "0.1": 0.0,
        "0.2": 0.0,
        "0.3": 0.0,
        "0.4": 0.00273434348640048,
        "0.5": 0.007893530104629655,
        "0.6": 0.019047018893874276,
        "0.7": 0.02687401714154851,
        "0.8": 0.03672512436185074,
        "0.9": 0.043570981433431986,
        "1.0": 0.04677413836672516
    },
    "svditemtoitem_beauty_products_prune5": {
        "0.1": 0.008201129136820366,
        "0.2": 0.01744517904807666,
        "0.3": 0.02671515502453328,
        "0.4": 0.030437295774020125,
        "0.5": 0.03367332053959394,
        "0.6": 0.03803961322330131,
        "0.7": 0.041984956662995385,
        "0.8": 0.04687917975458451,
        "0.9": 0.05085356824332757,
        "1.0": 0.0523609887397357
    }
}