{
    "itemknn_beauty_products_newRandom": {
        "0.1": 0.02101850378074119,
        "0.2": 0.03420917557795745,
        "0.3": 0.05645603003962075,
        "0.4": 0.06671454562388142,
        "0.5": 0.07601727763983519,
        "0.6": 0.08867998326842161,
        "0.7": 0.10382318784362221,
        "0.8": 0.12029064224941248,
        "0.9": 0.135747886171255,
        "1.0": 0.15095118413224562
    },
    "itemknn_recpack_beauty_products_newRandom": {
        "0.1": 0.019620079590083807,
        "0.2": 0.03283618479797934,
        "0.3": 0.04419983617914533,
        "0.4": 0.06419603707773583,
        "0.5": 0.07168031736639272,
        "0.6": 0.08995769350700539,
        "0.7": 0.09915816801759098,
        "0.8": 0.11735580834452657,
        "0.9": 0.12726278972448227,
        "1.0": 0.14726588895956394
    },
     "svd_beauty_products_newRandom": {
        "0.1": 0.03183158441978827,
        "0.2": 0.04710056061140121,
        "0.3": 0.06495058974751536,
        "0.4": 0.0678584407663072,
        "0.5": 0.08180719869403687,
        "0.6": 0.09382077091149973,
        "0.7": 0.10655779479495134,
        "0.8": 0.1196488488685731,
        "0.9": 0.14350025043272696,
        "1.0": 0.15949125809803166
    },
    "userknn_beauty_products_newRandom": {
        "0.1": 0.024168265050641145,
        "0.2": 0.049948806158496104,
        "0.3": 0.06381103570081531,
        "0.4": 0.07759849728880153,
        "0.5": 0.0884736262605482,
        "0.6": 0.09708621313399186,
        "0.7": 0.10904156856287782,
        "0.8": 0.1263477194250961,
        "0.9": 0.14481980438765843,
        "1.0": 0.16393365699544837
    }
}