{
    "bias_beauty_products_newRandom": {
        "0.1": 0.018224778728347178,
        "0.2": 0.01554520712555671,
        "0.3": 0.02058907522417604,
        "0.4": 0.01909579004317131,
        "0.5": 0.019383852710677777,
        "0.6": 0.019487217279113365,
        "0.7": 0.02210267897307599,
        "0.8": 0.022166393448102586,
        "0.9": 0.02526948239440998,
        "1.0": 0.026457643015969534
    },
    "funksvd_beauty_products_newRandom": {
        "0.1": 0.029709670537493207,
        "0.2": 0.03074412724393329,
        "0.3": 0.034014889826694435,
        "0.4": 0.032855383858006404,
        "0.5": 0.03200149449584787,
        "0.6": 0.03631645649600419,
        "0.7": 0.036956185107534845,
        "0.8": 0.036299920423692934,
        "0.9": 0.03790794260087943,
        "1.0": 0.03897584575108719
    },
    "popular_beauty_products_newRandom": {
        "0.1": 0.032911616547249736,
        "0.2": 0.03110108362968391,
        "0.3": 0.03299554627672592,
        "0.4": 0.033363894852448145,
        "0.5": 0.03342424690562007,
        "0.6": 0.035909933811763224,
        "0.7": 0.036887154294083596,
        "0.8": 0.035716593365682475,
        "0.9": 0.03668422760605324,
        "1.0": 0.03700876460011474
    },
    "popularity_beauty_products_newRandom": {
        "0.1": 0.02437642794489115,
        "0.2": 0.027991596237459813,
        "0.3": 0.03221488318044259,
        "0.4": 0.03268947490570594,
        "0.5": 0.03301536185376727,
        "0.6": 0.03445242272574527,
        "0.7": 0.03454806888689064,
        "0.8": 0.034620180592792815,
        "0.9": 0.03429783087617217,
        "1.0": 0.033839702179227125
    },
    "random_beauty_products_newRandom": {
        "0.1": 0.008250816204857288,
        "0.2": 0.010259661827437384,
        "0.3": 0.008755341441267973,
        "0.4": 0.008857665503617407,
        "0.5": 0.00780005895214279,
        "0.6": 0.01013079283121194,
        "0.7": 0.008094487765727769,
        "0.8": 0.0068860215924988095,
        "0.9": 0.007176996429804897,
        "1.0": 0.006844659879416984
    }
}