{
    "bias_beauty_products_newRandom": {
        "0.1": 0.018224778728347178,
        "0.2": 0.01554520712555671,
        "0.3": 0.02058907522417604,
        "0.4": 0.01909579004317131,
        "0.5": 0.019383852710677777,
        "0.6": 0.019487217279113365,
        "0.7": 0.02210267897307599,
        "0.8": 0.022166393448102586,
        "0.9": 0.02526948239440998,
        "1.0": 0.026457643015969534
    },
    "bpr_beauty_products_newRandom": {
        "0.1": 0.016788350508833337,
        "0.2": 0.037689980214110914,
        "0.3": 0.04094658757843081,
        "0.4": 0.04274083853800115,
        "0.5": 0.055983577317155656,
        "0.6": 0.06075996403140899,
        "0.7": 0.0705313920155127,
        "0.8": 0.08402395772416552,
        "0.9": 0.076012752269367,
        "1.0": 0.10147690409627703
    },
    "ease_beauty_products_newRandom": {
        "0.1": 0.030761043134561544,
        "0.2": 0.0479439491223348,
        "0.3": 0.059982563315692135,
        "0.4": 0.07650082756620272,
        "0.5": 0.08555681973975149,
        "0.6": 0.09740727348947484,
        "0.7": 0.1061710620496447,
        "0.8": 0.11771040081400577,
        "0.9": 0.13284060279972548,
        "1.0": 0.1494599274828247
    },
    "funksvd_beauty_products_newRandom": {
        "0.1": 0.029709670537493207,
        "0.2": 0.03074412724393329,
        "0.3": 0.034014889826694435,
        "0.4": 0.032855383858006404,
        "0.5": 0.03200149449584787,
        "0.6": 0.03631645649600419,
        "0.7": 0.036956185107534845,
        "0.8": 0.036299920423692934,
        "0.9": 0.03790794260087943,
        "1.0": 0.03897584575108719
    },
    "implicitmf_beauty_products_newRandom": {
        "0.1": 0.027846869739798264,
        "0.2": 0.04542608278206042,
        "0.3": 0.058976906189657764,
        "0.4": 0.07057798534802559,
        "0.5": 0.08197574963725283,
        "0.6": 0.08632613445060043,
        "0.7": 0.09782670043212754,
        "0.8": 0.11098750898789074,
        "0.9": 0.12018068262570501,
        "1.0": 0.12993939529745932
    },
    "itemknn_beauty_products_newRandom": {
        "0.1": 0.02101850378074119,
        "0.2": 0.03420917557795745,
        "0.3": 0.05645603003962075,
        "0.4": 0.06671454562388142,
        "0.5": 0.07601727763983519,
        "0.6": 0.08867998326842161,
        "0.7": 0.10382318784362221,
        "0.8": 0.12029064224941248,
        "0.9": 0.135747886171255,
        "1.0": 0.15095118413224562
    },
    "itemknn_recpack_beauty_products_newRandom": {
        "0.1": 0.019620079590083807,
        "0.2": 0.03283618479797934,
        "0.3": 0.04419983617914533,
        "0.4": 0.06419603707773583,
        "0.5": 0.07168031736639272,
        "0.6": 0.08995769350700539,
        "0.7": 0.09915816801759098,
        "0.8": 0.11735580834452657,
        "0.9": 0.12726278972448227,
        "1.0": 0.14726588895956394
    },
    "kunn_beauty_products_newRandom": {
        "0.1": 0.020965116530963702,
        "0.2": 0.034821742253662545,
        "0.3": 0.047485570953145,
        "0.4": 0.06791910267408671,
        "0.5": 0.0796625739041718,
        "0.6": 0.09967480559867285,
        "0.7": 0.1095123822816402,
        "0.8": 0.12526769096846602,
        "0.9": 0.14553935182709474,
        "1.0": 0.16035362997879601
    },
    "popular_beauty_products_newRandom": {
        "0.1": 0.032911616547249736,
        "0.2": 0.03110108362968391,
        "0.3": 0.03299554627672592,
        "0.4": 0.033363894852448145,
        "0.5": 0.03342424690562007,
        "0.6": 0.035909933811763224,
        "0.7": 0.036887154294083596,
        "0.8": 0.035716593365682475,
        "0.9": 0.03668422760605324,
        "1.0": 0.03700876460011474
    },
    "popularity_beauty_products_newRandom": {
        "0.1": 0.02437642794489115,
        "0.2": 0.027991596237459813,
        "0.3": 0.03221488318044259,
        "0.4": 0.03268947490570594,
        "0.5": 0.03301536185376727,
        "0.6": 0.03445242272574527,
        "0.7": 0.03454806888689064,
        "0.8": 0.034620180592792815,
        "0.9": 0.03429783087617217,
        "1.0": 0.033839702179227125
    },
    "random_beauty_products_newRandom": {
        "0.1": 0.008250816204857288,
        "0.2": 0.010259661827437384,
        "0.3": 0.008755341441267973,
        "0.4": 0.008857665503617407,
        "0.5": 0.00780005895214279,
        "0.6": 0.01013079283121194,
        "0.7": 0.008094487765727769,
        "0.8": 0.0068860215924988095,
        "0.9": 0.007176996429804897,
        "1.0": 0.006844659879416984
    },
    "slim_beauty_products_newRandom": {
        "0.1": 0.027369863077817348,
        "0.2": 0.04846011855637958,
        "0.3": 0.06007197650623596,
        "0.4": 0.07522143810965345,
        "0.5": 0.08797647403210668,
        "0.6": 0.105679042179562,
        "0.7": 0.11586812617311262,
        "0.8": 0.1329342200550368,
        "0.9": 0.15762129191979463,
        "1.0": 0.1733745341976761
    },
    "svd_beauty_products_newRandom": {
        "0.1": 0.03183158441978827,
        "0.2": 0.04710056061140121,
        "0.3": 0.06495058974751536,
        "0.4": 0.0678584407663072,
        "0.5": 0.08180719869403687,
        "0.6": 0.09382077091149973,
        "0.7": 0.10655779479495134,
        "0.8": 0.1196488488685731,
        "0.9": 0.14350025043272696,
        "1.0": 0.15949125809803166
    },
    "svditemtoitem_beauty_products_newRandom": {
        "0.1": 0.03607728377815188,
        "0.2": 0.04778812947450242,
        "0.3": 0.05920507452190145,
        "0.4": 0.07216341255889047,
        "0.5": 0.08159502184182894,
        "0.6": 0.09222485183363167,
        "0.7": 0.1036653743926417,
        "0.8": 0.11176419578549135,
        "0.9": 0.11667546714593621,
        "1.0": 0.12831692981977205
    },
    "userknn_beauty_products_newRandom": {
        "0.1": 0.024168265050641145,
        "0.2": 0.049948806158496104,
        "0.3": 0.06381103570081531,
        "0.4": 0.07759849728880153,
        "0.5": 0.0884736262605482,
        "0.6": 0.09708621313399186,
        "0.7": 0.10904156856287782,
        "0.8": 0.1263477194250961,
        "0.9": 0.14481980438765843,
        "1.0": 0.16393365699544837
    }
}