{
    "bpr_beauty_products_newRandom": {
        "0.1": 0.016788350508833337,
        "0.2": 0.037689980214110914,
        "0.3": 0.04094658757843081,
        "0.4": 0.04274083853800115,
        "0.5": 0.055983577317155656,
        "0.6": 0.06075996403140899,
        "0.7": 0.0705313920155127,
        "0.8": 0.08402395772416552,
        "0.9": 0.076012752269367,
        "1.0": 0.10147690409627703
    },
    "ease_beauty_products_newRandom": {
        "0.1": 0.030761043134561544,
        "0.2": 0.0479439491223348,
        "0.3": 0.059982563315692135,
        "0.4": 0.07650082756620272,
        "0.5": 0.08555681973975149,
        "0.6": 0.09740727348947484,
        "0.7": 0.1061710620496447,
        "0.8": 0.11771040081400577,
        "0.9": 0.13284060279972548,
        "1.0": 0.1494599274828247
    },
    "implicitmf_beauty_products_newRandom": {
        "0.1": 0.027846869739798264,
        "0.2": 0.04542608278206042,
        "0.3": 0.058976906189657764,
        "0.4": 0.07057798534802559,
        "0.5": 0.08197574963725283,
        "0.6": 0.08632613445060043,
        "0.7": 0.09782670043212754,
        "0.8": 0.11098750898789074,
        "0.9": 0.12018068262570501,
        "1.0": 0.12993939529745932
    },
    "kunn_beauty_products_newRandom": {
        "0.1": 0.020965116530963702,
        "0.2": 0.034821742253662545,
        "0.3": 0.047485570953145,
        "0.4": 0.06791910267408671,
        "0.5": 0.0796625739041718,
        "0.6": 0.09967480559867285,
        "0.7": 0.1095123822816402,
        "0.8": 0.12526769096846602,
        "0.9": 0.14553935182709474,
        "1.0": 0.16035362997879601
    },
    "slim_beauty_products_newRandom": {
        "0.1": 0.027369863077817348,
        "0.2": 0.04846011855637958,
        "0.3": 0.06007197650623596,
        "0.4": 0.07522143810965345,
        "0.5": 0.08797647403210668,
        "0.6": 0.105679042179562,
        "0.7": 0.11586812617311262,
        "0.8": 0.1329342200550368,
        "0.9": 0.15762129191979463,
        "1.0": 0.1733745341976761
    },
    "svditemtoitem_beauty_products_newRandom": {
        "0.1": 0.03607728377815188,
        "0.2": 0.04778812947450242,
        "0.3": 0.05920507452190145,
        "0.4": 0.07216341255889047,
        "0.5": 0.08159502184182894,
        "0.6": 0.09222485183363167,
        "0.7": 0.1036653743926417,
        "0.8": 0.11176419578549135,
        "0.9": 0.11667546714593621,
        "1.0": 0.12831692981977205
    }
}