{
    "bias_video_games": {
        "0.1": 0.0075155367304847905,
        "0.2": 0.009908005966268438,
        "0.3": 0.011453152466986184,
        "0.4": 0.010490896708459981,
        "0.5": 0.010237399857702443,
        "0.6": 0.010787851900770295,
        "0.7": 0.009022994872992894,
        "0.8": 0.01054422411243227,
        "0.9": 0.011301943027208432,
        "1.0": 0.011842219917851627
    },
    "biasedmf_video_games": {
        "0.1": 0.0037140553261459843,
        "0.2": 0.005992847547994898,
        "0.3": 0.00670808205962629,
        "0.4": 0.00826906809682351,
        "0.5": 0.008574627536689833,
        "0.6": 0.009924354554537222,
        "0.7": 0.009219070939172203,
        "0.8": 0.009393606741945996,
        "0.9": 0.010598350392225031,
        "1.0": 0.009590556815507785
    },
    "funksvd_video_games": {
        "0.1": 0.011636772156763217,
        "0.2": 0.012169386455216624,
        "0.3": 0.012490307438957234,
        "0.4": 0.012289435188113854,
        "0.5": 0.012745021439941644,
        "0.6": 0.0127278627074332,
        "0.7": 0.012661390597447218,
        "0.8": 0.01313084672098071,
        "0.9": 0.012582441767913993,
        "1.0": 0.01332173411699981
    },
    "random_video_games": {
        "0.1": 0.001083772409229068,
        "0.2": 0.0016910356188522188,
        "0.3": 0.0015679490289747685,
        "0.4": 0.0012842452508056623,
        "0.5": 0.001208487778781283,
        "0.6": 0.0017089692807162474,
        "0.7": 0.0014656122592098292,
        "0.8": 0.0006977791451724681,
        "0.9": 0.0010380472734863033,
        "1.0": 0.0012363075112772567
    },
    "popular_video_games": {
        "0.1": 0.011575435857305996,
        "0.2": 0.010973113201387663,
        "0.3": 0.012049980935042875,
        "0.4": 0.011935446369988908,
        "0.5": 0.012128271811232017,
        "0.6": 0.012941718926999158,
        "0.7": 0.012137684811920582,
        "0.8": 0.012949571930542523,
        "0.9": 0.012203214936031341,
        "1.0": 0.012533768892483995
    },
    "popularity_video_games": {
        "0.1": 0.009308485950853526,
        "0.2": 0.010433120588775805,
        "0.3": 0.011325618852153503,
        "0.4": 0.011012563030991311,
        "0.5": 0.01118770245832089,
        "0.6": 0.011190892849319765,
        "0.7": 0.011383843664212686,
        "0.8": 0.011349121362969693,
        "0.9": 0.01166919896797712,
        "1.0": 0.011814696949217544
    }
}