{
    "userknn_video_games": {
        "0.1": 0.004814718379156475,
        "0.2": 0.01580156950309964,
        "0.3": 0.027642397481830963,
        "0.4": 0.03709475530949487,
        "0.5": 0.04874430289582359,
        "0.6": 0.05689993233091842,
        "0.7": 0.0618915718106318,
        "0.8": 0.06620245420046639,
        "0.9": 0.0711333078469945,
        "1.0": 0.07818140222090228
    }, 
    "svd_video_games": {
        "0.1": 0.01057498463681742,
        "0.2": 0.01544013858773293,
        "0.3": 0.02344245054011881,
        "0.4": 0.031220401806231562,
        "0.5": 0.03837905431352051,
        "0.6": 0.04692826916762015,
        "0.7": 0.056218482103060664,
        "0.8": 0.0668761660357233,
        "0.9": 0.07793877360959865,
        "1.0": 0.08506779641776877
    },
      "itemknn_lenskit_video_games": {
        "0.1": 0.003510350982155099,
        "0.2": 0.005530946381945014,
        "0.3": 0.008356324594220085,
        "0.4": 0.013582618941269485,
        "0.5": 0.024271983964081922,
        "0.6": 0.03531939735392284,
        "0.7": 0.050313875257290426,
        "0.8": 0.06119306685082175,
        "0.9": 0.07411426330199918,
        "1.0": 0.08353234653641588
    },
    "itemknn_recpack_video_games": {
        "0.1": 0.004713912103929332,
        "0.2": 0.006068400904752372,
        "0.3": 0.009869653203365414,
        "0.4": 0.01698301323448207,
        "0.5": 0.024310658701413086,
        "0.6": 0.03576182703300195,
        "0.7": 0.04626790436395292,
        "0.8": 0.05892444206807655,
        "0.9": 0.06892995903240781,
        "1.0": 0.0791910938159486
    }
}