{
    "ease_video_games": {
        "0.1": 0.009363696370999479,
        "0.2": 0.01665374013356916,
        "0.3": 0.027876360136159396,
        "0.4": 0.03724605684232626,
        "0.5": 0.0441718305644713,
        "0.6": 0.05175958906503927,
        "0.7": 0.05744907701185279,
        "0.8": 0.06565176200983236,
        "0.9": 0.07028566783743553,
        "1.0": 0.07534535307098048
    },
    "slim_video_games": {
        "0.1": 0.0,
        "0.2": 0.001469731873031886,
        "0.3": 0.011437796058921049,
        "0.4": 0.02570255961895436,
        "0.5": 0.035295359980433726,
        "0.6": 0.046551444713055376,
        "0.7": 0.05378786872530516,
        "0.8": 0.06081396379731824,
        "0.9": 0.06891226828355031,
        "1.0": 0.07418800316138338
    },
    "implicitmf_video_games": {
        "0.1": 0.007453619073250416,
        "0.2": 0.018791825148583265,
        "0.3": 0.02855695495020044,
        "0.4": 0.034061995581291034,
        "0.5": 0.04572942271332178,
        "0.6": 0.05264464022544617,
        "0.7": 0.056929401469105786,
        "0.8": 0.06508340928084712,
        "0.9": 0.0701174463141482,
        "1.0": 0.07719525517671243
    },
    "bpr_video_games": {
        "0.1": 0.0033083255348484325,
        "0.2": 0.005973265792071594,
        "0.3": 0.011230936699734323,
        "0.4": 0.01806469019280694,
        "0.5": 0.019992854524072342,
        "0.6": 0.026716246787395665,
        "0.7": 0.029799630173006894,
        "0.8": 0.034434825433107046,
        "0.9": 0.03587888058898152,
        "1.0": 0.04374724100936525
    },
    "svditemtoitem_video_games": {
        "0.1": 0.009276940618070193,
        "0.2": 0.018179690395987148,
        "0.3": 0.024742579769642975,
        "0.4": 0.03286826181886393,
        "0.5": 0.038277144400073196,
        "0.6": 0.046361663484297086,
        "0.7": 0.050989827974679804,
        "0.8": 0.05768525118494335,
        "0.9": 0.06178119724510703,
        "1.0": 0.06459703365570242
    },
    "kunn_video_games": {
        "0.1": 0.005183423474253296,
        "0.2": 0.007337273135854826,
        "0.3": 0.01106004958090584,
        "0.4": 0.01837745835326114,
        "0.5": 0.024639322031384914,
        "0.6": 0.034332123921425664,
        "0.7": 0.04420260017967237,
        "0.8": 0.05710376271707127,
        "0.9": 0.0692842781894403,
        "1.0": 0.07708966664047891
    },
    "bias_video_games": {
        "0.1": 0.0075155367304847905,
        "0.2": 0.009908005966268438,
        "0.3": 0.011453152466986184,
        "0.4": 0.010490896708459981,
        "0.5": 0.010237399857702443,
        "0.6": 0.010787851900770295,
        "0.7": 0.009022994872992894,
        "0.8": 0.01054422411243227,
        "0.9": 0.011301943027208432,
        "1.0": 0.011842219917851627
    },
    "biasedmf_video_games": {
        "0.1": 0.0037140553261459843,
        "0.2": 0.005992847547994898,
        "0.3": 0.00670808205962629,
        "0.4": 0.00826906809682351,
        "0.5": 0.008574627536689833,
        "0.6": 0.009924354554537222,
        "0.7": 0.009219070939172203,
        "0.8": 0.009393606741945996,
        "0.9": 0.010598350392225031,
        "1.0": 0.009590556815507785
    },
    "funksvd_video_games": {
        "0.1": 0.011636772156763217,
        "0.2": 0.012169386455216624,
        "0.3": 0.012490307438957234,
        "0.4": 0.012289435188113854,
        "0.5": 0.012745021439941644,
        "0.6": 0.0127278627074332,
        "0.7": 0.012661390597447218,
        "0.8": 0.01313084672098071,
        "0.9": 0.012582441767913993,
        "1.0": 0.01332173411699981
    },
    "itemknn_lenskit_video_games": {
        "0.1": 0.003510350982155099,
        "0.2": 0.005530946381945014,
        "0.3": 0.008356324594220085,
        "0.4": 0.013582618941269485,
        "0.5": 0.024271983964081922,
        "0.6": 0.03531939735392284,
        "0.7": 0.050313875257290426,
        "0.8": 0.06119306685082175,
        "0.9": 0.07411426330199918,
        "1.0": 0.08353234653641588
    },
    "itemknn_recpack_video_games": {
        "0.1": 0.004713912103929332,
        "0.2": 0.006068400904752372,
        "0.3": 0.009869653203365414,
        "0.4": 0.01698301323448207,
        "0.5": 0.024310658701413086,
        "0.6": 0.03576182703300195,
        "0.7": 0.04626790436395292,
        "0.8": 0.05892444206807655,
        "0.9": 0.06892995903240781,
        "1.0": 0.0791910938159486
    },
    "userknn_video_games": {
        "0.1": 0.004814718379156475,
        "0.2": 0.01580156950309964,
        "0.3": 0.027642397481830963,
        "0.4": 0.03709475530949487,
        "0.5": 0.04874430289582359,
        "0.6": 0.05689993233091842,
        "0.7": 0.0618915718106318,
        "0.8": 0.06620245420046639,
        "0.9": 0.0711333078469945,
        "1.0": 0.07818140222090228
    },
    "random_video_games": {
        "0.1": 0.001083772409229068,
        "0.2": 0.0016910356188522188,
        "0.3": 0.0015679490289747685,
        "0.4": 0.0012842452508056623,
        "0.5": 0.001208487778781283,
        "0.6": 0.0017089692807162474,
        "0.7": 0.0014656122592098292,
        "0.8": 0.0006977791451724681,
        "0.9": 0.0010380472734863033,
        "1.0": 0.0012363075112772567
    },
    "popular_video_games": {
        "0.1": 0.011575435857305996,
        "0.2": 0.010973113201387663,
        "0.3": 0.012049980935042875,
        "0.4": 0.011935446369988908,
        "0.5": 0.012128271811232017,
        "0.6": 0.012941718926999158,
        "0.7": 0.012137684811920582,
        "0.8": 0.012949571930542523,
        "0.9": 0.012203214936031341,
        "1.0": 0.012533768892483995
    },
    "popularity_video_games": {
        "0.1": 0.009308485950853526,
        "0.2": 0.010433120588775805,
        "0.3": 0.011325618852153503,
        "0.4": 0.011012563030991311,
        "0.5": 0.01118770245832089,
        "0.6": 0.011190892849319765,
        "0.7": 0.011383843664212686,
        "0.8": 0.011349121362969693,
        "0.9": 0.01166919896797712,
        "1.0": 0.011814696949217544
    },
    "svd_video_games": {
        "0.1": 0.01057498463681742,
        "0.2": 0.01544013858773293,
        "0.3": 0.02344245054011881,
        "0.4": 0.031220401806231562,
        "0.5": 0.03837905431352051,
        "0.6": 0.04692826916762015,
        "0.7": 0.056218482103060664,
        "0.8": 0.0668761660357233,
        "0.9": 0.07793877360959865,
        "1.0": 0.08506779641776877
    }

}