{
    "ease_video_games": {
        "0.1": 0.009363696370999479,
        "0.2": 0.01665374013356916,
        "0.3": 0.027876360136159396,
        "0.4": 0.03724605684232626,
        "0.5": 0.0441718305644713,
        "0.6": 0.05175958906503927,
        "0.7": 0.05744907701185279,
        "0.8": 0.06565176200983236,
        "0.9": 0.07028566783743553,
        "1.0": 0.07534535307098048
    },
    "slim_video_games": {
        "0.1": 0.0,
        "0.2": 0.001469731873031886,
        "0.3": 0.011437796058921049,
        "0.4": 0.02570255961895436,
        "0.5": 0.035295359980433726,
        "0.6": 0.046551444713055376,
        "0.7": 0.05378786872530516,
        "0.8": 0.06081396379731824,
        "0.9": 0.06891226828355031,
        "1.0": 0.07418800316138338
    },
    "implicitmf_video_games": {
        "0.1": 0.007453619073250416,
        "0.2": 0.018791825148583265,
        "0.3": 0.02855695495020044,
        "0.4": 0.034061995581291034,
        "0.5": 0.04572942271332178,
        "0.6": 0.05264464022544617,
        "0.7": 0.056929401469105786,
        "0.8": 0.06508340928084712,
        "0.9": 0.0701174463141482,
        "1.0": 0.07719525517671243
    },
    "bpr_video_games": {
        "0.1": 0.0033083255348484325,
        "0.2": 0.005973265792071594,
        "0.3": 0.011230936699734323,
        "0.4": 0.01806469019280694,
        "0.5": 0.019992854524072342,
        "0.6": 0.026716246787395665,
        "0.7": 0.029799630173006894,
        "0.8": 0.034434825433107046,
        "0.9": 0.03587888058898152,
        "1.0": 0.04374724100936525
    },
    "svditemtoitem_video_games": {
        "0.1": 0.009276940618070193,
        "0.2": 0.018179690395987148,
        "0.3": 0.024742579769642975,
        "0.4": 0.03286826181886393,
        "0.5": 0.038277144400073196,
        "0.6": 0.046361663484297086,
        "0.7": 0.050989827974679804,
        "0.8": 0.05768525118494335,
        "0.9": 0.06178119724510703,
        "1.0": 0.06459703365570242
    },
    "kunn_video_games": {
        "0.1": 0.005183423474253296,
        "0.2": 0.007337273135854826,
        "0.3": 0.01106004958090584,
        "0.4": 0.01837745835326114,
        "0.5": 0.024639322031384914,
        "0.6": 0.034332123921425664,
        "0.7": 0.04420260017967237,
        "0.8": 0.05710376271707127,
        "0.9": 0.0692842781894403,
        "1.0": 0.07708966664047891
    }
}