{
    "ease_goodreads_poetry_recall10": {
        "0.1": 0.05226701592980663,
        "0.2": 0.06148871047126861,
        "0.3": 0.09577971016924505,
        "0.4": 0.13321420181885296,
        "0.5": 0.14591645972459927,
        "0.6": 0.16603234728234728,
        "0.7": 0.18706325435976595,
        "0.8": 0.19259503954271395,
        "0.9": 0.22017978791234605,
        "1.0": 0.221194922648411
    },
    "bias_goodreads_poetry_recall10": {
        "0.1": 0.05198374246339363,
        "0.2": 0.07472276055124893,
        "0.3": 0.07539797895902546,
        "0.4": 0.08297765165497727,
        "0.5": 0.06913490525409127,
        "0.6": 0.06301641134489969,
        "0.7": 0.060109434600713656,
        "0.8": 0.06787982958041096,
        "0.9": 0.07890788421311679,
        "1.0": 0.0773790297772856
    },
    "bpr_goodreads_poetry_recall10": {
        "0.1": 0.03769495201181247,
        "0.2": 0.0691798941798942,
        "0.3": 0.06221814630244861,
        "0.4": 0.07458433308724009,
        "0.5": 0.07929432755014153,
        "0.6": 0.11871962286206476,
        "0.7": 0.10576435031376896,
        "0.8": 0.12738364402608596,
        "0.9": 0.1501830318690784,
        "1.0": 0.16873346560846567
    },
    "implicitmf_goodreads_poetry_recall10": {
        "0.1": 0.03183024178663713,
        "0.2": 0.0909168512366187,
        "0.3": 0.08355597083794758,
        "0.4": 0.10977144087609204,
        "0.5": 0.11998431155407904,
        "0.6": 0.1201827242524917,
        "0.7": 0.11900263012181617,
        "0.8": 0.17421403962101642,
        "0.9": 0.1730866248308109,
        "1.0": 0.19377653193060174
    },
    "itemknn_lenskit_goodreads_poetry_recall10": {
        "0.1": 0.021698504983388704,
        "0.2": 0.056068890734588386,
        "0.3": 0.06561923218899962,
        "0.4": 0.0627257136704811,
        "0.5": 0.08442537221606992,
        "0.6": 0.1082994955087979,
        "0.7": 0.12263289036544851,
        "0.8": 0.15806647594438297,
        "0.9": 0.1671938445921004,
        "1.0": 0.19149517041958897
    },
    "itemknn_recpack_goodreads_poetry_recall10": {
        "0.1": 0.028052325581395348,
        "0.2": 0.04384754995220111,
        "0.3": 0.055538776469009024,
        "0.4": 0.06980430744965628,
        "0.5": 0.08229731616359523,
        "0.6": 0.12782855602623044,
        "0.7": 0.15276945814736512,
        "0.8": 0.17683668076109937,
        "0.9": 0.1920298155763272,
        "1.0": 0.20768370303254022
    },
    "kunn_goodreads_poetry_recall10": {
        "0.1": 0.03080549403223822,
        "0.2": 0.0491770073165422,
        "0.3": 0.07265533239370449,
        "0.4": 0.10988623779321452,
        "0.5": 0.11799571014687293,
        "0.6": 0.1525295871226104,
        "0.7": 0.16871772177004735,
        "0.8": 0.19826371410673735,
        "0.9": 0.21664983917890893,
        "1.0": 0.2620881433381433
    },
    "popular_goodreads_poetry_recall10": {
        "0.1": 0.07214647163775072,
        "0.2": 0.08249776977974654,
        "0.3": 0.07819690537713794,
        "0.4": 0.08167720253476068,
        "0.5": 0.08843592346499325,
        "0.6": 0.08431193859972932,
        "0.7": 0.0891246000984373,
        "0.8": 0.09837616894302942,
        "0.9": 0.10166766642057341,
        "1.0": 0.10931193859972932
    },
    "popularity_goodreads_poetry_recall10": {
        "0.1": 0.08181601451950289,
        "0.2": 0.08516903531438415,
        "0.3": 0.09525277693882345,
        "0.4": 0.09813430540174725,
        "0.5": 0.09517657192075796,
        "0.6": 0.09475667527993109,
        "0.7": 0.09430447889750215,
        "0.8": 0.09693460071367047,
        "0.9": 0.09693460071367047,
        "1.0": 0.09693460071367047
    },
    "random_goodreads_poetry_recall10": {
        "0.1": 0.029640396210163653,
        "0.2": 0.024539728682170543,
        "0.3": 0.022135705057216685,
        "0.4": 0.031451873385012916,
        "0.5": 0.015863787375415283,
        "0.6": 0.02683262581518395,
        "0.7": 0.022114556416881995,
        "0.8": 0.017535299003322256,
        "0.9": 0.023140073212747633,
        "1.0": 0.02912629198966408
    },
    "slim_goodreads_poetry_recall10": {
        "0.1": 0.03188357185450209,
        "0.2": 0.0669150670604159,
        "0.3": 0.11082216125820776,
        "0.4": 0.1231897463002114,
        "0.5": 0.13169765204648926,
        "0.6": 0.16224705527031105,
        "0.7": 0.19705298469833354,
        "0.8": 0.2103014502723805,
        "0.9": 0.250289369330067,
        "1.0": 0.2480721528686645
    },
    "svditemtoitem_goodreads_poetry_recall10": {
        "0.1": 0.046349311756288494,
        "0.2": 0.07085955065606228,
        "0.3": 0.09569896081523988,
        "0.4": 0.11863778985872009,
        "0.5": 0.13891510621161784,
        "0.6": 0.1679556500777431,
        "0.7": 0.1839947789075696,
        "0.8": 0.1899303108605434,
        "0.9": 0.1991341991341991,
        "1.0": 0.2109412228598275
    },
    "userknn_goodreads_poetry_recall10": {
        "0.1": 0.025730204872646732,
        "0.2": 0.07434785283622498,
        "0.3": 0.09680655530946233,
        "0.4": 0.10645033530207954,
        "0.5": 0.14087724560108286,
        "0.6": 0.15065791497477543,
        "0.7": 0.1781738341331365,
        "0.8": 0.1843688476682663,
        "0.9": 0.17054148209671466,
        "1.0": 0.2058343330872401
    },
    "svd_goodreads_poetry_recall10": {
        "0.1": 0.04560699851397526,
        "0.2": 0.06748730382451312,
        "0.3": 0.08551216763426064,
        "0.4": 0.11738504282108933,
        "0.5": 0.13391621836389278,
        "0.6": 0.1544728150832802,
        "0.7": 0.16354829494364378,
        "0.8": 0.1957096574829133,
        "0.9": 0.23239358617265593,
        "1.0": 0.24069692688878735
    },
    "funksvd_goodreads_poetry_recall10": {
        "0.1": 0.07838032176694969,
        "0.2": 0.07874330933923958,
        "0.3": 0.0820301925679833,
        "0.4": 0.07250176879537346,
        "0.5": 0.08777954657315122,
        "0.6": 0.07473275809031625,
        "0.7": 0.08949374000246095,
        "0.8": 0.09616132951888767,
        "0.9": 0.10132928817521844,
        "1.0": 0.1015738433616341
    },
    "nmf_goodreads_poetry_recall10": {
        "0.1": 0.051706503014642545,
        "0.2": 0.07783699397071489,
        "0.3": 0.091996725281609,
        "0.4": 0.12122491526561294,
        "0.5": 0.13807069868116378,
        "0.6": 0.1436909236327841,
        "0.7": 0.17028125298474134,
        "0.8": 0.19647338557222277,
        "0.9": 0.22562166515654888,
        "1.0": 0.2360806291038849
    },
    "biasedmf_goodreads_poetry_recall10": {
        "0.1": 0.05088708933185677,
        "0.2": 0.057633121077888524,
        "0.3": 0.05648417312661499,
        "0.4": 0.057963808908576345,
        "0.5": 0.05829295865633074,
        "0.6": 0.06593377014888643,
        "0.7": 0.07571482404331241,
        "0.8": 0.06469253722160696,
        "0.9": 0.06764719453672942,
        "1.0": 0.08018833825519874
    }
}