{
    "itemknn_lenskit_goodreads_poetry_recall10": {
        "0.1": 0.021698504983388704,
        "0.2": 0.056068890734588386,
        "0.3": 0.06561923218899962,
        "0.4": 0.0627257136704811,
        "0.5": 0.08442537221606992,
        "0.6": 0.1082994955087979,
        "0.7": 0.12263289036544851,
        "0.8": 0.15806647594438297,
        "0.9": 0.1671938445921004,
        "1.0": 0.19149517041958897
    },
    "itemknn_recpack_goodreads_poetry_recall10": {
        "0.1": 0.028052325581395348,
        "0.2": 0.04384754995220111,
        "0.3": 0.055538776469009024,
        "0.4": 0.06980430744965628,
        "0.5": 0.08229731616359523,
        "0.6": 0.12782855602623044,
        "0.7": 0.15276945814736512,
        "0.8": 0.17683668076109937,
        "0.9": 0.1920298155763272,
        "1.0": 0.20768370303254022
    },
     "userknn_goodreads_poetry_recall10": {
        "0.1": 0.025730204872646732,
        "0.2": 0.07434785283622498,
        "0.3": 0.09680655530946233,
        "0.4": 0.10645033530207954,
        "0.5": 0.14087724560108286,
        "0.6": 0.15065791497477543,
        "0.7": 0.1781738341331365,
        "0.8": 0.1843688476682663,
        "0.9": 0.17054148209671466,
        "1.0": 0.2058343330872401
    },
    "svd_goodreads_poetry_recall10": {
        "0.1": 0.04560699851397526,
        "0.2": 0.06748730382451312,
        "0.3": 0.08551216763426064,
        "0.4": 0.11738504282108933,
        "0.5": 0.13391621836389278,
        "0.6": 0.1544728150832802,
        "0.7": 0.16354829494364378,
        "0.8": 0.1957096574829133,
        "0.9": 0.23239358617265593,
        "1.0": 0.24069692688878735
    },
    "nmf_goodreads_poetry_recall10": {
        "0.1": 0.051706503014642545,
        "0.2": 0.07783699397071489,
        "0.3": 0.091996725281609,
        "0.4": 0.12122491526561294,
        "0.5": 0.13807069868116378,
        "0.6": 0.1436909236327841,
        "0.7": 0.17028125298474134,
        "0.8": 0.19647338557222277,
        "0.9": 0.22562166515654888,
        "1.0": 0.2360806291038849
    }
}