{
     "bias_goodreads_poetry_recall10": {
        "0.1": 0.05198374246339363,
        "0.2": 0.07472276055124893,
        "0.3": 0.07539797895902546,
        "0.4": 0.08297765165497727,
        "0.5": 0.06913490525409127,
        "0.6": 0.06301641134489969,
        "0.7": 0.060109434600713656,
        "0.8": 0.06787982958041096,
        "0.9": 0.07890788421311679,
        "1.0": 0.0773790297772856
    },
    "popular_goodreads_poetry_recall10": {
        "0.1": 0.07214647163775072,
        "0.2": 0.08249776977974654,
        "0.3": 0.07819690537713794,
        "0.4": 0.08167720253476068,
        "0.5": 0.08843592346499325,
        "0.6": 0.08431193859972932,
        "0.7": 0.0891246000984373,
        "0.8": 0.09837616894302942,
        "0.9": 0.10166766642057341,
        "1.0": 0.10931193859972932
    },
    "popularity_goodreads_poetry_recall10": {
        "0.1": 0.08181601451950289,
        "0.2": 0.08516903531438415,
        "0.3": 0.09525277693882345,
        "0.4": 0.09813430540174725,
        "0.5": 0.09517657192075796,
        "0.6": 0.09475667527993109,
        "0.7": 0.09430447889750215,
        "0.8": 0.09693460071367047,
        "0.9": 0.09693460071367047,
        "1.0": 0.09693460071367047
    },
    "random_goodreads_poetry_recall10": {
        "0.1": 0.029640396210163653,
        "0.2": 0.024539728682170543,
        "0.3": 0.022135705057216685,
        "0.4": 0.031451873385012916,
        "0.5": 0.015863787375415283,
        "0.6": 0.02683262581518395,
        "0.7": 0.022114556416881995,
        "0.8": 0.017535299003322256,
        "0.9": 0.023140073212747633,
        "1.0": 0.02912629198966408
    },
    "funksvd_goodreads_poetry_recall10": {
        "0.1": 0.07838032176694969,
        "0.2": 0.07874330933923958,
        "0.3": 0.0820301925679833,
        "0.4": 0.07250176879537346,
        "0.5": 0.08777954657315122,
        "0.6": 0.07473275809031625,
        "0.7": 0.08949374000246095,
        "0.8": 0.09616132951888767,
        "0.9": 0.10132928817521844,
        "1.0": 0.1015738433616341
    },
    "biasedmf_goodreads_poetry_recall10": {
        "0.1": 0.05088708933185677,
        "0.2": 0.057633121077888524,
        "0.3": 0.05648417312661499,
        "0.4": 0.057963808908576345,
        "0.5": 0.05829295865633074,
        "0.6": 0.06593377014888643,
        "0.7": 0.07571482404331241,
        "0.8": 0.06469253722160696,
        "0.9": 0.06764719453672942,
        "1.0": 0.08018833825519874
    }
}