{
    "ease_goodreads_poetry_recall10": {
        "0.1": 0.05226701592980663,
        "0.2": 0.06148871047126861,
        "0.3": 0.09577971016924505,
        "0.4": 0.13321420181885296,
        "0.5": 0.14591645972459927,
        "0.6": 0.16603234728234728,
        "0.7": 0.18706325435976595,
        "0.8": 0.19259503954271395,
        "0.9": 0.22017978791234605,
        "1.0": 0.221194922648411
    },
    "bpr_goodreads_poetry_recall10": {
        "0.1": 0.03769495201181247,
        "0.2": 0.0691798941798942,
        "0.3": 0.06221814630244861,
        "0.4": 0.07458433308724009,
        "0.5": 0.07929432755014153,
        "0.6": 0.11871962286206476,
        "0.7": 0.10576435031376896,
        "0.8": 0.12738364402608596,
        "0.9": 0.1501830318690784,
        "1.0": 0.16873346560846567
    },
    "implicitmf_goodreads_poetry_recall10": {
        "0.1": 0.03183024178663713,
        "0.2": 0.0909168512366187,
        "0.3": 0.08355597083794758,
        "0.4": 0.10977144087609204,
        "0.5": 0.11998431155407904,
        "0.6": 0.1201827242524917,
        "0.7": 0.11900263012181617,
        "0.8": 0.17421403962101642,
        "0.9": 0.1730866248308109,
        "1.0": 0.19377653193060174
    },
    "kunn_goodreads_poetry_recall10": {
        "0.1": 0.03080549403223822,
        "0.2": 0.0491770073165422,
        "0.3": 0.07265533239370449,
        "0.4": 0.10988623779321452,
        "0.5": 0.11799571014687293,
        "0.6": 0.1525295871226104,
        "0.7": 0.16871772177004735,
        "0.8": 0.19826371410673735,
        "0.9": 0.21664983917890893,
        "1.0": 0.2620881433381433
    },
    "slim_goodreads_poetry_recall10": {
        "0.1": 0.03188357185450209,
        "0.2": 0.0669150670604159,
        "0.3": 0.11082216125820776,
        "0.4": 0.1231897463002114,
        "0.5": 0.13169765204648926,
        "0.6": 0.16224705527031105,
        "0.7": 0.19705298469833354,
        "0.8": 0.2103014502723805,
        "0.9": 0.250289369330067,
        "1.0": 0.2480721528686645
    },
    "svditemtoitem_goodreads_poetry_recall10": {
        "0.1": 0.046349311756288494,
        "0.2": 0.07085955065606228,
        "0.3": 0.09569896081523988,
        "0.4": 0.11863778985872009,
        "0.5": 0.13891510621161784,
        "0.6": 0.1679556500777431,
        "0.7": 0.1839947789075696,
        "0.8": 0.1899303108605434,
        "0.9": 0.1991341991341991,
        "1.0": 0.2109412228598275
    }
}