{
    "bias_grocery_and_gourmet_food": {
        "0.1": 0.017776889305049726,
        "0.2": 0.017854330816215166,
        "0.3": 0.017706514817817282,
        "0.4": 0.01613550949302477,
        "0.5": 0.017189165687108755,
        "0.6": 0.01770881986361916,
        "0.7": 0.01714606820666623,
        "0.8": 0.017359443160216287,
        "0.9": 0.014634214293873947,
        "1.0": 0.012823640658194045
    },
    "funksvd_grocery_and_gourmet_food": {
        "0.1": 0.023290701896924924,
        "0.2": 0.02410052930314194,
        "0.3": 0.024278447620041204,
        "0.4": 0.02571683752316953,
        "0.5": 0.02660273111876402,
        "0.6": 0.02797527978977671,
        "0.7": 0.02867190456859932,
        "0.8": 0.029585755852003116,
        "0.9": 0.02955468011622966,
        "1.0": 0.032263910915311826
    },
    "svd_grocery_and_gourmet_food": {
        "0.1": 0.013422508052094665,
        "0.2": 0.030723766836542765,
        "0.3": 0.04874365599671532,
        "0.4": 0.06254998744213212,
        "0.5": 0.07455413773332277,
        "0.6": 0.08896719612456346,
        "0.7": 0.10114334826602714,
        "0.8": 0.1150525777474745,
        "0.9": 0.12864728069792822,
        "1.0": 0.13564477270051323
    },
    "nmf_grocery_and_gourmet_food": {
        "0.1": 0.02438380706098503,
        "0.2": 0.03005116929089333,
        "0.3": 0.042513209997702174,
        "0.4": 0.052091025330578467,
        "0.5": 0.06390219938934434,
        "0.6": 0.07591777248460416,
        "0.7": 0.08994952693117833,
        "0.8": 0.10571210271987894,
        "0.9": 0.12007119838089172,
        "1.0": 0.1299802748641053
    },
    "biasedmf_grocery_and_gourmet_food": {
        "0.1": 0.0023764639034027776,
        "0.2": 0.0033572120715331982,
        "0.3": 0.003452884939468648,
        "0.4": 0.005525791398349523,
        "0.5": 0.007661212752613676,
        "0.6": 0.00870274900717391,
        "0.7": 0.009546227132053688,
        "0.8": 0.011368392886189932,
        "0.9": 0.011192594796605775,
        "1.0": 0.011823113693451038
    },
    "kunn_grocery_and_gourmet_food": {
        "0.1": 0.003115775224444873,
        "0.2": 0.01093894626295854,
        "0.3": 0.026033103003903567,
        "0.4": 0.04390476150969347,
        "0.5": 0.05869759662983534,
        "0.6": 0.08246476482260073,
        "0.7": 0.09921265555688155,
        "0.8": 0.11755120767461319,
        "0.9": 0.13447529495352437,
        "1.0": 0.14511647770065395
    },
    "ease_grocery_and_gourmet_food": {
        "0.1": 0.01496391840235587,
        "0.2": 0.037204808818514304,
        "0.3": 0.05538820928184536,
        "0.4": 0.07133198554581488,
        "0.5": 0.08082408163323035,
        "0.6": 0.09262420480297714,
        "0.7": 0.10478154445471845,
        "0.8": 0.1169778649666017,
        "0.9": 0.1286506839447184,
        "1.0": 0.13562067364787
    },
    "implicitmf_grocery_and_gourmet_food": {
        "0.1": 0.010046976655937127,
        "0.2": 0.028103969072621564,
        "0.3": 0.04044720874425302,
        "0.4": 0.0526195423990522,
        "0.5": 0.06404492554636936,
        "0.6": 0.07139578882174254,
        "0.7": 0.08035412465934176,
        "0.8": 0.0870896095505647,
        "0.9": 0.09326975647278904,
        "1.0": 0.0988954080212237
    },
    "itemknn_lenskit_grocery_and_gourmet_food": {
        "0.1": 0.00192993550437403,
        "0.2": 0.006824750999322425,
        "0.3": 0.017325325978992268,
        "0.4": 0.03760218565846776,
        "0.5": 0.06310744377203688,
        "0.6": 0.08180027394778652,
        "0.7": 0.10025092699201119,
        "0.8": 0.11685635081197585,
        "0.9": 0.1316517371312185,
        "1.0": 0.14766620020830187
    },
    "itemknn_recpack_grocery_and_gourmet_food": {
        "0.1": 0.0026526523230869115,
        "0.2": 0.010446690459157434,
        "0.3": 0.03016259191060647,
        "0.4": 0.05266766926956852,
        "0.5": 0.06846264952520437,
        "0.6": 0.08891566084858227,
        "0.7": 0.1045414266325509,
        "0.8": 0.12201743468895077,
        "0.9": 0.13932136120210026,
        "1.0": 0.14854863804929175
    },
    "bpr_grocery_and_gourmet_food": {
        "0.1": 0.0016152644035997677,
        "0.2": 0.003772185826264401,
        "0.3": 0.008744144762232892,
        "0.4": 0.01910324647503691,
        "0.5": 0.024783612342517407,
        "0.6": 0.03103582728055992,
        "0.7": 0.03715087698175223,
        "0.8": 0.038188318057627346,
        "0.9": 0.04038921817769112,
        "1.0": 0.04390528337206071
    },
    "popular_grocery_and_gourmet_food": {
        "0.1": 0.023418236704523396,
        "0.2": 0.0238306545980943,
        "0.3": 0.024490657741022808,
        "0.4": 0.02570576785660843,
        "0.5": 0.026192162462437413,
        "0.6": 0.02687948745303124,
        "0.7": 0.027902594337550882,
        "0.8": 0.02840021238948019,
        "0.9": 0.02945215500032549,
        "1.0": 0.030223572200713745
    },
    "popularity_grocery_and_gourmet_food": {
        "0.1": 0.023557004354076934,
        "0.2": 0.02390715246217921,
        "0.3": 0.025459698851794114,
        "0.4": 0.026055399224685433,
        "0.5": 0.026416159323337185,
        "0.6": 0.02706570559283064,
        "0.7": 0.027716493714894912,
        "0.8": 0.028331634269748905,
        "0.9": 0.029184798078800277,
        "1.0": 0.029790309235158133
    },
    "random_grocery_and_gourmet_food": {
        "0.1": 0.000817703656782647,
        "0.2": 0.0007888453916353723,
        "0.3": 0.0008007655910032685,
        "0.4": 0.0006652967059945783,
        "0.5": 0.0007107440377210424,
        "0.6": 0.000756680925523581,
        "0.7": 0.0005679126190746255,
        "0.8": 0.0005852921594109966,
        "0.9": 0.0009729034101115181,
        "1.0": 0.0004611857774977398
    },
    "slim_grocery_and_gourmet_food": {
        "0.1": 0.0016288379979616323,
        "0.2": 0.018971947335985097,
        "0.3": 0.03503589638323631,
        "0.4": 0.05111387458097688,
        "0.5": 0.06529251415130238,
        "0.6": 0.08330641508614242,
        "0.7": 0.10075634763073373,
        "0.8": 0.11747146505756281,
        "0.9": 0.1327984753716846,
        "1.0": 0.14237208376920282
    },
    "svditemtoitem_grocery_and_gourmet_food": {
        "0.1": 0.015050659283185346,
        "0.2": 0.034310133702766525,
        "0.3": 0.04599364181192567,
        "0.4": 0.05624260688181568,
        "0.5": 0.06372417539035218,
        "0.6": 0.07169390179815477,
        "0.7": 0.07836786135029251,
        "0.8": 0.08763529232002824,
        "0.9": 0.0941540307678218,
        "1.0": 0.09774422659996031
    },
    "userknn_grocery_and_gourmet_food": {
        "0.1": 0.004845590639938754,
        "0.2": 0.029742288357748503,
        "0.3": 0.046885007027921505,
        "0.4": 0.06275382455739575,
        "0.5": 0.07309232798522328,
        "0.6": 0.08151280871005732,
        "0.7": 0.0890124952250522,
        "0.8": 0.09473822346416291,
        "0.9": 0.1012263307854125,
        "1.0": 0.10791775517034806
    }
}
