{
    "svd_grocery_and_gourmet_food": {
        "0.1": 0.013422508052094665,
        "0.2": 0.030723766836542765,
        "0.3": 0.04874365599671532,
        "0.4": 0.06254998744213212,
        "0.5": 0.07455413773332277,
        "0.6": 0.08896719612456346,
        "0.7": 0.10114334826602714,
        "0.8": 0.1150525777474745,
        "0.9": 0.12864728069792822,
        "1.0": 0.13564477270051323
    },
    "nmf_grocery_and_gourmet_food": {
        "0.1": 0.02438380706098503,
        "0.2": 0.03005116929089333,
        "0.3": 0.042513209997702174,
        "0.4": 0.052091025330578467,
        "0.5": 0.06390219938934434,
        "0.6": 0.07591777248460416,
        "0.7": 0.08994952693117833,
        "0.8": 0.10571210271987894,
        "0.9": 0.12007119838089172,
        "1.0": 0.1299802748641053
    },
     "itemknn_lenskit_grocery_and_gourmet_food": {
        "0.1": 0.00192993550437403,
        "0.2": 0.006824750999322425,
        "0.3": 0.017325325978992268,
        "0.4": 0.03760218565846776,
        "0.5": 0.06310744377203688,
        "0.6": 0.08180027394778652,
        "0.7": 0.10025092699201119,
        "0.8": 0.11685635081197585,
        "0.9": 0.1316517371312185,
        "1.0": 0.14766620020830187
    },
    "itemknn_recpack_grocery_and_gourmet_food": {
        "0.1": 0.0026526523230869115,
        "0.2": 0.010446690459157434,
        "0.3": 0.03016259191060647,
        "0.4": 0.05266766926956852,
        "0.5": 0.06846264952520437,
        "0.6": 0.08891566084858227,
        "0.7": 0.1045414266325509,
        "0.8": 0.12201743468895077,
        "0.9": 0.13932136120210026,
        "1.0": 0.14854863804929175
    },
    "userknn_grocery_and_gourmet_food": {
        "0.1": 0.004845590639938754,
        "0.2": 0.029742288357748503,
        "0.3": 0.046885007027921505,
        "0.4": 0.06275382455739575,
        "0.5": 0.07309232798522328,
        "0.6": 0.08151280871005732,
        "0.7": 0.0890124952250522,
        "0.8": 0.09473822346416291,
        "0.9": 0.1012263307854125,
        "1.0": 0.10791775517034806
    }
}