{
     "bias_grocery_and_gourmet_food": {
        "0.1": 0.017776889305049726,
        "0.2": 0.017854330816215166,
        "0.3": 0.017706514817817282,
        "0.4": 0.01613550949302477,
        "0.5": 0.017189165687108755,
        "0.6": 0.01770881986361916,
        "0.7": 0.01714606820666623,
        "0.8": 0.017359443160216287,
        "0.9": 0.014634214293873947,
        "1.0": 0.012823640658194045
    },
    "funksvd_grocery_and_gourmet_food": {
        "0.1": 0.023290701896924924,
        "0.2": 0.02410052930314194,
        "0.3": 0.024278447620041204,
        "0.4": 0.02571683752316953,
        "0.5": 0.02660273111876402,
        "0.6": 0.02797527978977671,
        "0.7": 0.02867190456859932,
        "0.8": 0.029585755852003116,
        "0.9": 0.02955468011622966,
        "1.0": 0.032263910915311826
    },
    "biasedmf_grocery_and_gourmet_food": {
        "0.1": 0.0023764639034027776,
        "0.2": 0.0033572120715331982,
        "0.3": 0.003452884939468648,
        "0.4": 0.005525791398349523,
        "0.5": 0.007661212752613676,
        "0.6": 0.00870274900717391,
        "0.7": 0.009546227132053688,
        "0.8": 0.011368392886189932,
        "0.9": 0.011192594796605775,
        "1.0": 0.011823113693451038
    },
    "popular_grocery_and_gourmet_food": {
        "0.1": 0.023418236704523396,
        "0.2": 0.0238306545980943,
        "0.3": 0.024490657741022808,
        "0.4": 0.02570576785660843,
        "0.5": 0.026192162462437413,
        "0.6": 0.02687948745303124,
        "0.7": 0.027902594337550882,
        "0.8": 0.02840021238948019,
        "0.9": 0.02945215500032549,
        "1.0": 0.030223572200713745
    },
    "popularity_grocery_and_gourmet_food": {
        "0.1": 0.023557004354076934,
        "0.2": 0.02390715246217921,
        "0.3": 0.025459698851794114,
        "0.4": 0.026055399224685433,
        "0.5": 0.026416159323337185,
        "0.6": 0.02706570559283064,
        "0.7": 0.027716493714894912,
        "0.8": 0.028331634269748905,
        "0.9": 0.029184798078800277,
        "1.0": 0.029790309235158133
    },
    "random_grocery_and_gourmet_food": {
        "0.1": 0.000817703656782647,
        "0.2": 0.0007888453916353723,
        "0.3": 0.0008007655910032685,
        "0.4": 0.0006652967059945783,
        "0.5": 0.0007107440377210424,
        "0.6": 0.000756680925523581,
        "0.7": 0.0005679126190746255,
        "0.8": 0.0005852921594109966,
        "0.9": 0.0009729034101115181,
        "1.0": 0.0004611857774977398
    }
}