{
    "kunn_grocery_and_gourmet_food": {
        "0.1": 0.003115775224444873,
        "0.2": 0.01093894626295854,
        "0.3": 0.026033103003903567,
        "0.4": 0.04390476150969347,
        "0.5": 0.05869759662983534,
        "0.6": 0.08246476482260073,
        "0.7": 0.09921265555688155,
        "0.8": 0.11755120767461319,
        "0.9": 0.13447529495352437,
        "1.0": 0.14511647770065395
    },
    "ease_grocery_and_gourmet_food": {
        "0.1": 0.01496391840235587,
        "0.2": 0.037204808818514304,
        "0.3": 0.05538820928184536,
        "0.4": 0.07133198554581488,
        "0.5": 0.08082408163323035,
        "0.6": 0.09262420480297714,
        "0.7": 0.10478154445471845,
        "0.8": 0.1169778649666017,
        "0.9": 0.1286506839447184,
        "1.0": 0.13562067364787
    },
    "implicitmf_grocery_and_gourmet_food": {
        "0.1": 0.010046976655937127,
        "0.2": 0.028103969072621564,
        "0.3": 0.04044720874425302,
        "0.4": 0.0526195423990522,
        "0.5": 0.06404492554636936,
        "0.6": 0.07139578882174254,
        "0.7": 0.08035412465934176,
        "0.8": 0.0870896095505647,
        "0.9": 0.09326975647278904,
        "1.0": 0.0988954080212237
    },
    "bpr_grocery_and_gourmet_food": {
        "0.1": 0.0016152644035997677,
        "0.2": 0.003772185826264401,
        "0.3": 0.008744144762232892,
        "0.4": 0.01910324647503691,
        "0.5": 0.024783612342517407,
        "0.6": 0.03103582728055992,
        "0.7": 0.03715087698175223,
        "0.8": 0.038188318057627346,
        "0.9": 0.04038921817769112,
        "1.0": 0.04390528337206071
    },
    "slim_grocery_and_gourmet_food": {
        "0.1": 0.0016288379979616323,
        "0.2": 0.018971947335985097,
        "0.3": 0.03503589638323631,
        "0.4": 0.05111387458097688,
        "0.5": 0.06529251415130238,
        "0.6": 0.08330641508614242,
        "0.7": 0.10075634763073373,
        "0.8": 0.11747146505756281,
        "0.9": 0.1327984753716846,
        "1.0": 0.14237208376920282
    },
    "svditemtoitem_grocery_and_gourmet_food": {
        "0.1": 0.015050659283185346,
        "0.2": 0.034310133702766525,
        "0.3": 0.04599364181192567,
        "0.4": 0.05624260688181568,
        "0.5": 0.06372417539035218,
        "0.6": 0.07169390179815477,
        "0.7": 0.07836786135029251,
        "0.8": 0.08763529232002824,
        "0.9": 0.0941540307678218,
        "1.0": 0.09774422659996031
    }
}
