 {
    "bias_book_crossing": {
        "0.1": 0.00922073654996658,
        "0.2": 0.010460287810640194,
        "0.3": 0.009488470449224276,
        "0.4": 0.010878180761076578,
        "0.5": 0.010763719518065897,
        "0.6": 0.00998771149456434,
        "0.7": 0.009907599257814242,
        "0.8": 0.009977326521813018,
        "0.9": 0.010064822501022043,
        "1.0": 0.009620988176833914
    },
    "funksvd_book_crossing": {
        "0.1": 0.01177427886209584,
        "0.2": 0.012773468442701294,
        "0.3": 0.01285282691336885,
        "0.4": 0.012839695705400276,
        "0.5": 0.012889137246702754,
        "0.6": 0.013605822744378562,
        "0.7": 0.013673647734196,
        "0.8": 0.013957654943481576,
        "0.9": 0.014255863688474169,
        "1.0": 0.014712879906426335
    },
    "popular_book_crossing": {
        "0.1": 0.015714072134709597,
        "0.2": 0.01631538628414237,
        "0.3": 0.01661899264834621,
        "0.4": 0.017200457371036,
        "0.5": 0.017395980464287093,
        "0.6": 0.017148631718092947,
        "0.7": 0.01747110253505349,
        "0.8": 0.017799546084464914,
        "0.9": 0.018053374078921852,
        "1.0": 0.018410886574655585
    },
    "popularity_book_crossing": {
        "0.1": 0.01968320359133368,
        "0.2": 0.019711528034679994,
        "0.3": 0.019274857814112416,
        "0.4": 0.01972629364550496,
        "0.5": 0.019984617614649564,
        "0.6": 0.020080821804049246,
        "0.7": 0.020142940753449478,
        "0.8": 0.020329203118904376,
        "0.9": 0.02066575394355448,
        "1.0": 0.021039915683743006
    },
    "random_book_crossing": {
        "0.1": 0.00122416954745966,
        "0.2": 0.0004724537780316207,
        "0.3": 0.0006660962976890138,
        "0.4": 0.00048376226664541993,
        "0.5": 0.0006428438220374223,
        "0.6": 0.0009136526286268381,
        "0.7": 0.0005607091221523895,
        "0.8": 0.0008210600578256137,
        "0.9": 0.0005409367807948084,
        "1.0": 0.0006952122472554977
    }
}