{
     "itemknn_leskit_book_crossing": {
        "0.1": 0.003011808394163179,
        "0.2": 0.005535572750513431,
        "0.3": 0.00900104217157574,
        "0.4": 0.01586003830443534,
        "0.5": 0.021125449195301408,
        "0.6": 0.03045105812958023,
        "0.7": 0.03747360400324989,
        "0.8": 0.050023709080352315,
        "0.9": 0.06374676230342358,
        "1.0": 0.07572865413934865
    },
    "itemknn_recpack_book_crossing": {
        "0.1": 0.0011546767258698363,
        "0.2": 0.0015933617258623366,
        "0.3": 0.002187802754151035,
        "0.4": 0.003614054490870509,
        "0.5": 0.007939733758060109,
        "0.6": 0.017225704895148443,
        "0.7": 0.030934744852106205,
        "0.8": 0.043264762085752834,
        "0.9": 0.05602969739558113,
        "1.0": 0.06665048205827889
    },
    "userknn_book_crossing": {
        "0.1": 0.0015358695157801038,
        "0.2": 0.002935873393745543,
        "0.3": 0.00568978391798627,
        "0.4": 0.010020702357386153,
        "0.5": 0.015071489617188023,
        "0.6": 0.019101535744565686,
        "0.7": 0.022884187224083596,
        "0.8": 0.026566461510360306,
        "0.9": 0.03100450177671615,
        "1.0": 0.032705252393707085
    },
    "svd_book_crossing": {
        "0.1": 0.009783437856107403,
        "0.2": 0.010846177926811066,
        "0.3": 0.0163101770484115,
        "0.4": 0.022976704344301938,
        "0.5": 0.026224255919631692,
        "0.6": 0.03431965603508551,
        "0.7": 0.03998274667842928,
        "0.8": 0.04587625620570529,
        "0.9": 0.04978950991687622,
        "1.0": 0.05534232036835374
    }
}