{
    "ease_book_crossing": {
        "0.1": 0.0064757403325147785,
        "0.2": 0.014667149937924819,
        "0.3": 0.020633794914957093,
        "0.4": 0.02725565063058378,
        "0.5": 0.03359262955837266,
        "0.6": 0.03949735093505081,
        "0.7": 0.044420866987612294,
        "0.8": 0.05043725208736762,
        "0.9": 0.056898640206428555,
        "1.0": 0.06311398778677127
    },
    "slim_book_crossing": {
        "0.1": 0.00044658105385766544,
        "0.2": 0.007242113825443481,
        "0.3": 0.01662040360878665,
        "0.4": 0.024216014166442777,
        "0.5": 0.03184417812708866,
        "0.6": 0.04115480641819094,
        "0.7": 0.048946677492621646,
        "0.8": 0.05615687287975883,
        "0.9": 0.0638381230010786,
        "1.0": 0.07177066171589815
    },
    "implicitmf_book_crossing": {
        "0.1": 0.00731589360671501,
        "0.2": 0.012789577390837553,
        "0.3": 0.016101629383751093,
        "0.4": 0.01871068470815871,
        "0.5": 0.02128908679045529,
        "0.6": 0.024600004952300577,
        "0.7": 0.026724954738338722,
        "0.8": 0.029683806711388115,
        "0.9": 0.03562219900639284,
        "1.0": 0.03823831581080268
    },
    "kunn_book_crossing": {
        "0.1": 0.0019266150914611189,
        "0.2": 0.0032659321254916336,
        "0.3": 0.006170295838706924,
        "0.4": 0.011910069963532987,
        "0.5": 0.017928041385374252,
        "0.6": 0.02690014464343955,
        "0.7": 0.03725035243891716,
        "0.8": 0.04888508849340846,
        "0.9": 0.061969142076918365,
        "1.0": 0.07175081992517646
    },
    "svditemtoitem_book_crossing": {
        "0.1": 0.007325410214256214,
        "0.2": 0.011959589077436914,
        "0.3": 0.01609743318481311,
        "0.4": 0.019663735246822217,
        "0.5": 0.022803811338920434,
        "0.6": 0.02554195793137031,
        "0.7": 0.026856995903753594,
        "0.8": 0.028340728755610674,
        "0.9": 0.02970940779535755,
        "1.0": 0.0307859967577276
    },
    "bpr_book_crossing": {
        "0.1": 0.0018512652784170576,
        "0.2": 0.0033824962452786494,
        "0.3": 0.006016413388016073,
        "0.4": 0.008544352571202337,
        "0.5": 0.010812233796815856,
        "0.6": 0.012391366688705168,
        "0.7": 0.014308745857625094,
        "0.8": 0.015080515228903744,
        "0.9": 0.018767075058877196,
        "1.0": 0.01919367854761952
    },
    "bias_book_crossing": {
        "0.1": 0.00922073654996658,
        "0.2": 0.010460287810640194,
        "0.3": 0.009488470449224276,
        "0.4": 0.010878180761076578,
        "0.5": 0.010763719518065897,
        "0.6": 0.00998771149456434,
        "0.7": 0.009907599257814242,
        "0.8": 0.009977326521813018,
        "0.9": 0.010064822501022043,
        "1.0": 0.009620988176833914
    },
    "item_knn_book_crossing": {
        "0.1": 0.003011808394163179,
        "0.2": 0.005535572750513431,
        "0.3": 0.00900104217157574,
        "0.4": 0.01586003830443534,
        "0.5": 0.021125449195301408,
        "0.6": 0.03045105812958023,
        "0.7": 0.03747360400324989,
        "0.8": 0.050023709080352315,
        "0.9": 0.06374676230342358,
        "1.0": 0.07572865413934865
    },
    "funksvd_book_crossing": {
        "0.1": 0.01177427886209584,
        "0.2": 0.012773468442701294,
        "0.3": 0.01285282691336885,
        "0.4": 0.012839695705400276,
        "0.5": 0.012889137246702754,
        "0.6": 0.013605822744378562,
        "0.7": 0.013673647734196,
        "0.8": 0.013957654943481576,
        "0.9": 0.014255863688474169,
        "1.0": 0.014712879906426335
    },
    "itemknn_recpack_book_crossing": {
        "0.1": 0.0011546767258698363,
        "0.2": 0.0015933617258623366,
        "0.3": 0.002187802754151035,
        "0.4": 0.003614054490870509,
        "0.5": 0.007939733758060109,
        "0.6": 0.017225704895148443,
        "0.7": 0.030934744852106205,
        "0.8": 0.043264762085752834,
        "0.9": 0.05602969739558113,
        "1.0": 0.06665048205827889
    },
    "popular_book_crossing": {
        "0.1": 0.015714072134709597,
        "0.2": 0.01631538628414237,
        "0.3": 0.01661899264834621,
        "0.4": 0.017200457371036,
        "0.5": 0.017395980464287093,
        "0.6": 0.017148631718092947,
        "0.7": 0.01747110253505349,
        "0.8": 0.017799546084464914,
        "0.9": 0.018053374078921852,
        "1.0": 0.018410886574655585
    },
    "popularity_book_crossing": {
        "0.1": 0.01968320359133368,
        "0.2": 0.019711528034679994,
        "0.3": 0.019274857814112416,
        "0.4": 0.01972629364550496,
        "0.5": 0.019984617614649564,
        "0.6": 0.020080821804049246,
        "0.7": 0.020142940753449478,
        "0.8": 0.020329203118904376,
        "0.9": 0.02066575394355448,
        "1.0": 0.021039915683743006
    },
    "random_book_crossing": {
        "0.1": 0.00122416954745966,
        "0.2": 0.0004724537780316207,
        "0.3": 0.0006660962976890138,
        "0.4": 0.00048376226664541993,
        "0.5": 0.0006428438220374223,
        "0.6": 0.0009136526286268381,
        "0.7": 0.0005607091221523895,
        "0.8": 0.0008210600578256137,
        "0.9": 0.0005409367807948084,
        "1.0": 0.0006952122472554977
    },
    "userknn_book_crossing": {
        "0.1": 0.0015358695157801038,
        "0.2": 0.002935873393745543,
        "0.3": 0.00568978391798627,
        "0.4": 0.010020702357386153,
        "0.5": 0.015071489617188023,
        "0.6": 0.019101535744565686,
        "0.7": 0.022884187224083596,
        "0.8": 0.026566461510360306,
        "0.9": 0.03100450177671615,
        "1.0": 0.032705252393707085
    },
    "svd_book_crossing": {
        "0.1": 0.009783437856107403,
        "0.2": 0.010846177926811066,
        "0.3": 0.0163101770484115,
        "0.4": 0.022976704344301938,
        "0.5": 0.026224255919631692,
        "0.6": 0.03431965603508551,
        "0.7": 0.03998274667842928,
        "0.8": 0.04587625620570529,
        "0.9": 0.04978950991687622,
        "1.0": 0.05534232036835374
    },
    "biasedmf_book_crossing": {
        "0.1": 0.0007047710883897191,
        "0.2": 0.0016979104031291379
    }
}