{
    "ease_book_crossing": {
        "0.1": 0.0064757403325147785,
        "0.2": 0.014667149937924819,
        "0.3": 0.020633794914957093,
        "0.4": 0.02725565063058378,
        "0.5": 0.03359262955837266,
        "0.6": 0.03949735093505081,
        "0.7": 0.044420866987612294,
        "0.8": 0.05043725208736762,
        "0.9": 0.056898640206428555,
        "1.0": 0.06311398778677127
    },
    "slim_book_crossing": {
        "0.1": 0.00044658105385766544,
        "0.2": 0.007242113825443481,
        "0.3": 0.01662040360878665,
        "0.4": 0.024216014166442777,
        "0.5": 0.03184417812708866,
        "0.6": 0.04115480641819094,
        "0.7": 0.048946677492621646,
        "0.8": 0.05615687287975883,
        "0.9": 0.0638381230010786,
        "1.0": 0.07177066171589815
    },
    "implicitmf_book_crossing": {
        "0.1": 0.00731589360671501,
        "0.2": 0.012789577390837553,
        "0.3": 0.016101629383751093,
        "0.4": 0.01871068470815871,
        "0.5": 0.02128908679045529,
        "0.6": 0.024600004952300577,
        "0.7": 0.026724954738338722,
        "0.8": 0.029683806711388115,
        "0.9": 0.03562219900639284,
        "1.0": 0.03823831581080268
    },
    "kunn_book_crossing": {
        "0.1": 0.0019266150914611189,
        "0.2": 0.0032659321254916336,
        "0.3": 0.006170295838706924,
        "0.4": 0.011910069963532987,
        "0.5": 0.017928041385374252,
        "0.6": 0.02690014464343955,
        "0.7": 0.03725035243891716,
        "0.8": 0.04888508849340846,
        "0.9": 0.061969142076918365,
        "1.0": 0.07175081992517646
    },
    "svditemtoitem_book_crossing": {
        "0.1": 0.007325410214256214,
        "0.2": 0.011959589077436914,
        "0.3": 0.01609743318481311,
        "0.4": 0.019663735246822217,
        "0.5": 0.022803811338920434,
        "0.6": 0.02554195793137031,
        "0.7": 0.026856995903753594,
        "0.8": 0.028340728755610674,
        "0.9": 0.02970940779535755,
        "1.0": 0.0307859967577276
    },
    "bpr_book_crossing": {
        "0.1": 0.0018512652784170576,
        "0.2": 0.0033824962452786494,
        "0.3": 0.006016413388016073,
        "0.4": 0.008544352571202337,
        "0.5": 0.010812233796815856,
        "0.6": 0.012391366688705168,
        "0.7": 0.014308745857625094,
        "0.8": 0.015080515228903744,
        "0.9": 0.018767075058877196,
        "1.0": 0.01919367854761952
    }
}