{ 
    "itemknn_lenskit_beauty_products": {
        "0.1": 0.015483142303957698,
        "0.2": 0.029753719154644313,
        "0.3": 0.04399536970571773,
        "0.4": 0.06045061229637328,
        "0.5": 0.07176557910191503,
        "0.6": 0.08341000769101686,
        "0.7": 0.0986742958320231,
        "0.8": 0.1143431321672345,
        "0.9": 0.13070264079034657,
        "1.0": 0.14492383151038093
    },
    "itemknn_recpack_beauty_products": {
        "0.1": 0.024804792323647018,
        "0.2": 0.031160625127877428,
        "0.3": 0.04804595631058658,
        "0.4": 0.058017699782226484,
        "0.5": 0.07396958649326088,
        "0.6": 0.09489544068107417,
        "0.7": 0.10650497793169719,
        "0.8": 0.11699703822810152,
        "0.9": 0.13564363085362374,
        "1.0": 0.1539485933387314
    },
 "nmf_beauty_products": {
        "0.1": 0.026281655334670702,
        "0.2": 0.030010975223312,
        "0.3": 0.04812112863267298,
        "0.4": 0.06092732118390877,
        "0.5": 0.07324287276002622,
        "0.6": 0.08956237322646034,
        "0.7": 0.1015767937660311,
        "0.8": 0.12288180106577007,
        "0.9": 0.15117368460853237,
        "1.0": 0.1688146302171044
    },
    "svd_beauty_products": {
        "0.1": 0.032172885640398004,
        "0.2": 0.05126871695145195,
        "0.3": 0.0559589591753498,
        "0.4": 0.0646030162767158,
        "0.5": 0.07497367800747934,
        "0.6": 0.09282780205953232,
        "0.7": 0.10431908148489011,
        "0.8": 0.11574514547609605,
        "0.9": 0.14443903240678982,
        "1.0": 0.1529598253684848
    },
    "userknn_beauty_products": {
        "0.1": 0.020967108313959208,
        "0.2": 0.04813135981198408,
        "0.3": 0.0628795850778068,
        "0.4": 0.07482733709454667,
        "0.5": 0.08508704526327118,
        "0.6": 0.09576634382423921,
        "0.7": 0.10107791600549469,
        "0.8": 0.1145253381874066,
        "0.9": 0.13272332397431927,
        "1.0": 0.14898109773394932
    }
}