{
    "bias_beauty_products": {
        "0.1": 0.014041710164956403,
        "0.2": 0.01581652477929756,
        "0.3": 0.01761754911340525,
        "0.4": 0.019469005018306285,
        "0.5": 0.017987687096326196,
        "0.6": 0.01917319920604322,
        "0.7": 0.021881379732639476,
        "0.8": 0.02273327360422072,
        "0.9": 0.023904467813484417,
        "1.0": 0.025778663155898024
    },
    "funksvd_beauty_products": {
        "0.1": 0.023335085605443562,
        "0.2": 0.030746684123839386,
        "0.3": 0.03190139781764889,
        "0.4": 0.0350518909890835,
        "0.5": 0.035963207767305085,
        "0.6": 0.03557555044107942,
        "0.7": 0.037474611759851825,
        "0.8": 0.037504809154105014,
        "0.9": 0.038969401046853556,
        "1.0": 0.03942677031776537
    },
    "popular_beauty_products": {
        "0.1": 0.027667694576694036,
        "0.2": 0.030399127515554073,
        "0.3": 0.03105189750438717,
        "0.4": 0.03300395774675612,
        "0.5": 0.03331663180665907,
        "0.6": 0.033495408721595836,
        "0.7": 0.03367393430235889,
        "0.8": 0.03440602388991014,
        "0.9": 0.03627113861217144,
        "1.0": 0.035065081991313765
    },
    "popularity_beauty_products": {
        "0.1": 0.02464418044386251,
        "0.2": 0.027827568341877565,
        "0.3": 0.029509345950095977,
        "0.4": 0.02962293964922985,
        "0.5": 0.031252302746324345,
        "0.6": 0.031165736684250524,
        "0.7": 0.03196822022911533,
        "0.8": 0.030434276209395532,
        "0.9": 0.030533290496266883,
        "1.0": 0.03133019425295146
    },
    "random_beauty_products": {
        "0.1": 0.007681489291851224,
        "0.2": 0.008494493282367328,
        "0.3": 0.008029134810418434,
        "0.4": 0.007028501501269824,
        "0.5": 0.008352901614230556,
        "0.6": 0.008599091525991493,
        "0.7": 0.008022752283655135,
        "0.8": 0.010388938227713357,
        "0.9": 0.006155137792642909,
        "1.0": 0.009192141833024308
    },
    "biasedmf_beauty_products": {
        "0.1": 0.018423198379004017,
        "0.2": 0.028461138537296204,
        "0.3": 0.027681745274441262,
        "0.4": 0.03057445624520281,
        "0.5": 0.03394146572995431,
        "0.6": 0.03230728535441878,
        "0.7": 0.03283857244466405,
        "0.8": 0.0380889157836134,
        "0.9": 0.04402988762843052,
        "1.0": 0.048218404657408384
    }
}