{
    "bias_beauty_products": {
        "0.1": 0.014041710164956403,
        "0.2": 0.01581652477929756,
        "0.3": 0.01761754911340525,
        "0.4": 0.019469005018306285,
        "0.5": 0.017987687096326196,
        "0.6": 0.01917319920604322,
        "0.7": 0.021881379732639476,
        "0.8": 0.02273327360422072,
        "0.9": 0.023904467813484417,
        "1.0": 0.025778663155898024
    },
    "bpr_beauty_products": {
        "0.1": 0.01815683936766349,
        "0.2": 0.03196659827038034,
        "0.3": 0.04428686453759409,
        "0.4": 0.05233890062080786,
        "0.5": 0.04660854542187143,
        "0.6": 0.06268332724281146,
        "0.7": 0.06176863035672847,
        "0.8": 0.07220357035557289,
        "0.9": 0.08186225483076207,
        "1.0": 0.09371089804268609
    },
    "ease_beauty_products": {
        "0.1": 0.033970038599398386,
        "0.2": 0.043468853783846496,
        "0.3": 0.05816963096506768,
        "0.4": 0.06451710207374337,
        "0.5": 0.07388323844780494,
        "0.6": 0.09045182729130881,
        "0.7": 0.09490356871091452,
        "0.8": 0.11139749674338556,
        "0.9": 0.1313636527706019,
        "1.0": 0.14176802369754965
    },
    "funksvd_beauty_products": {
        "0.1": 0.023335085605443562,
        "0.2": 0.030746684123839386,
        "0.3": 0.03190139781764889,
        "0.4": 0.0350518909890835,
        "0.5": 0.035963207767305085,
        "0.6": 0.03557555044107942,
        "0.7": 0.037474611759851825,
        "0.8": 0.037504809154105014,
        "0.9": 0.038969401046853556,
        "1.0": 0.03942677031776537
    },
    "implicitmf_beauty_products": {
        "0.1": 0.021524561754576295,
        "0.2": 0.04945251197094048,
        "0.3": 0.05675035365508061,
        "0.4": 0.06240612588473237,
        "0.5": 0.06993600804750214,
        "0.6": 0.08113799098453744,
        "0.7": 0.0843698835734039,
        "0.8": 0.10267847201598544,
        "0.9": 0.11793332516708262,
        "1.0": 0.12934188485998874
    },
    "itemknn_beauty_products": {
        "0.1": 0.015483142303957698,
        "0.2": 0.029753719154644313,
        "0.3": 0.04399536970571773,
        "0.4": 0.06045061229637328,
        "0.5": 0.07176557910191503,
        "0.6": 0.08341000769101686,
        "0.7": 0.0986742958320231,
        "0.8": 0.1143431321672345,
        "0.9": 0.13070264079034657,
        "1.0": 0.14492383151038093
    },
    "itemknn_recpack_beauty_products": {
        "0.1": 0.024804792323647018,
        "0.2": 0.031160625127877428,
        "0.3": 0.04804595631058658,
        "0.4": 0.058017699782226484,
        "0.5": 0.07396958649326088,
        "0.6": 0.09489544068107417,
        "0.7": 0.10650497793169719,
        "0.8": 0.11699703822810152,
        "0.9": 0.13564363085362374,
        "1.0": 0.1539485933387314
    },
    "kunn_beauty_products": {
        "0.1": 0.027017088519593592,
        "0.2": 0.034011097800885966,
        "0.3": 0.05257367046262787,
        "0.4": 0.0641726788189161,
        "0.5": 0.08291917724302283,
        "0.6": 0.09944017432828543,
        "0.7": 0.1095329006910307,
        "0.8": 0.12477618922689912,
        "0.9": 0.14807976198906178,
        "1.0": 0.1571762931564062
    },
    "nmf_beauty_products": {
        "0.1": 0.026281655334670702,
        "0.2": 0.030010975223312,
        "0.3": 0.04812112863267298,
        "0.4": 0.06092732118390877,
        "0.5": 0.07324287276002622,
        "0.6": 0.08956237322646034,
        "0.7": 0.1015767937660311,
        "0.8": 0.12288180106577007,
        "0.9": 0.15117368460853237,
        "1.0": 0.1688146302171044
    },
    "popular_beauty_products": {
        "0.1": 0.027667694576694036,
        "0.2": 0.030399127515554073,
        "0.3": 0.03105189750438717,
        "0.4": 0.03300395774675612,
        "0.5": 0.03331663180665907,
        "0.6": 0.033495408721595836,
        "0.7": 0.03367393430235889,
        "0.8": 0.03440602388991014,
        "0.9": 0.03627113861217144,
        "1.0": 0.035065081991313765
    },
    "popularity_beauty_products": {
        "0.1": 0.02464418044386251,
        "0.2": 0.027827568341877565,
        "0.3": 0.029509345950095977,
        "0.4": 0.02962293964922985,
        "0.5": 0.031252302746324345,
        "0.6": 0.031165736684250524,
        "0.7": 0.03196822022911533,
        "0.8": 0.030434276209395532,
        "0.9": 0.030533290496266883,
        "1.0": 0.03133019425295146
    },
    "random_beauty_products": {
        "0.1": 0.007681489291851224,
        "0.2": 0.008494493282367328,
        "0.3": 0.008029134810418434,
        "0.4": 0.007028501501269824,
        "0.5": 0.008352901614230556,
        "0.6": 0.008599091525991493,
        "0.7": 0.008022752283655135,
        "0.8": 0.010388938227713357,
        "0.9": 0.006155137792642909,
        "1.0": 0.009192141833024308
    },
    "slim_beauty_products": {
        "0.1": 0.029263559062270482,
        "0.2": 0.03977567257857037,
        "0.3": 0.056203148828113295,
        "0.4": 0.06563352841160497,
        "0.5": 0.08395833404668718,
        "0.6": 0.09562360308683784,
        "0.7": 0.10775401847479196,
        "0.8": 0.12347208898621673,
        "0.9": 0.15236913366358848,
        "1.0": 0.1668647907654685
    },
    "svd_beauty_products": {
        "0.1": 0.032172885640398004,
        "0.2": 0.05126871695145195,
        "0.3": 0.0559589591753498,
        "0.4": 0.0646030162767158,
        "0.5": 0.07497367800747934,
        "0.6": 0.09282780205953232,
        "0.7": 0.10431908148489011,
        "0.8": 0.11574514547609605,
        "0.9": 0.14443903240678982,
        "1.0": 0.1529598253684848
    },
    "svditemtoitem_beauty_products": {
        "0.1": 0.033258600575095484,
        "0.2": 0.0420292156933247,
        "0.3": 0.053325473724604236,
        "0.4": 0.06203264611335051,
        "0.5": 0.07148842818050027,
        "0.6": 0.08503043375219765,
        "0.7": 0.08864613468072827,
        "0.8": 0.10082784323658181,
        "0.9": 0.11425200927411006,
        "1.0": 0.12030126682197124
    },
    "userknn_beauty_products": {
        "0.1": 0.020967108313959208,
        "0.2": 0.04813135981198408,
        "0.3": 0.0628795850778068,
        "0.4": 0.07482733709454667,
        "0.5": 0.08508704526327118,
        "0.6": 0.09576634382423921,
        "0.7": 0.10107791600549469,
        "0.8": 0.1145253381874066,
        "0.9": 0.13272332397431927,
        "1.0": 0.14898109773394932
    },
    "biasedmf_beauty_products": {
        "0.1": 0.018423198379004017,
        "0.2": 0.028461138537296204,
        "0.3": 0.027681745274441262,
        "0.4": 0.03057445624520281,
        "0.5": 0.03394146572995431,
        "0.6": 0.03230728535441878,
        "0.7": 0.03283857244466405,
        "0.8": 0.0380889157836134,
        "0.9": 0.04402988762843052,
        "1.0": 0.048218404657408384
    }
}