{
    "bpr_beauty_products": {
        "0.1": 0.01815683936766349,
        "0.2": 0.03196659827038034,
        "0.3": 0.04428686453759409,
        "0.4": 0.05233890062080786,
        "0.5": 0.04660854542187143,
        "0.6": 0.06268332724281146,
        "0.7": 0.06176863035672847,
        "0.8": 0.07220357035557289,
        "0.9": 0.08186225483076207,
        "1.0": 0.09371089804268609
    },
    "ease_beauty_products": {
        "0.1": 0.033970038599398386,
        "0.2": 0.043468853783846496,
        "0.3": 0.05816963096506768,
        "0.4": 0.06451710207374337,
        "0.5": 0.07388323844780494,
        "0.6": 0.09045182729130881,
        "0.7": 0.09490356871091452,
        "0.8": 0.11139749674338556,
        "0.9": 0.1313636527706019,
        "1.0": 0.14176802369754965
    },
     "implicitmf_beauty_products": {
        "0.1": 0.021524561754576295,
        "0.2": 0.04945251197094048,
        "0.3": 0.05675035365508061,
        "0.4": 0.06240612588473237,
        "0.5": 0.06993600804750214,
        "0.6": 0.08113799098453744,
        "0.7": 0.0843698835734039,
        "0.8": 0.10267847201598544,
        "0.9": 0.11793332516708262,
        "1.0": 0.12934188485998874
    },
    "kunn_beauty_products": {
        "0.1": 0.027017088519593592,
        "0.2": 0.034011097800885966,
        "0.3": 0.05257367046262787,
        "0.4": 0.0641726788189161,
        "0.5": 0.08291917724302283,
        "0.6": 0.09944017432828543,
        "0.7": 0.1095329006910307,
        "0.8": 0.12477618922689912,
        "0.9": 0.14807976198906178,
        "1.0": 0.1571762931564062
    },
    "svditemtoitem_beauty_products": {
        "0.1": 0.033258600575095484,
        "0.2": 0.0420292156933247,
        "0.3": 0.053325473724604236,
        "0.4": 0.06203264611335051,
        "0.5": 0.07148842818050027,
        "0.6": 0.08503043375219765,
        "0.7": 0.08864613468072827,
        "0.8": 0.10082784323658181,
        "0.9": 0.11425200927411006,
        "1.0": 0.12030126682197124
    },
    "slim_beauty_products": {
        "0.1": 0.029263559062270482,
        "0.2": 0.03977567257857037,
        "0.3": 0.056203148828113295,
        "0.4": 0.06563352841160497,
        "0.5": 0.08395833404668718,
        "0.6": 0.09562360308683784,
        "0.7": 0.10775401847479196,
        "0.8": 0.12347208898621673,
        "0.9": 0.15236913366358848,
        "1.0": 0.1668647907654685
    }
}