{
    "itemknn_lenskit_1m":{
        "0.1": 0.0220,
        "0.2": 0.0586,
        "0.3": 0.0794,
        "0.4": 0.0934,
        "0.5": 0.1042,
        "0.6": 0.1158,
        "0.7": 0.1281,
        "0.8": 0.1411,
        "0.9": 0.1586,
        "1.0": 0.1822
    },
    "bias_1m":{
        "0.1": 0.0539,
        "0.2": 0.0567,
        "0.3": 0.0574,
        "0.4": 0.0601,
        "0.5": 0.0634,
        "0.6": 0.0669,
        "0.7": 0.0694,
        "0.8": 0.0749,
        "0.9": 0.0806,
        "1.0": 0.0878
    },
    "itemknn_recpack_1m":{
        "0.1": 0.025056,
        "0.2": 0.058766,
        "0.3": 0.076591,
        "0.4": 0.092617,
        "0.5": 0.103595,
        "0.6": 0.117571,
        "0.7": 0.131239,
        "0.8": 0.147032,
        "0.9": 0.167,
        "1.0": 0.191902
    },
    "nmf_1m":{
        "0.1": 0.058873,
        "0.2": 0.070465,
        "0.3": 0.078916,
        "0.4": 0.091263,
        "0.5": 0.0992,
        "0.6": 0.117616,
        "0.7": 0.129204,
        "0.8": 0.151096,
        "0.9": 0.175878,
        "1.0": 0.210364
    },
    "biasedmf_1m": {
        "0.1": 0.026931642058184452,
        "0.2": 0.0348594542001057,
        "0.3": 0.040444607233890824,
        "0.4": 0.04127985441760429,
        "0.5": 0.041281963286702715,
        "0.6": 0.04109129116297472,
        "0.7": 0.042698367168441935,
        "0.8": 0.05067663215662053,
        "0.9": 0.05605317927620234,
        "1.0": 0.055188345028698016
    },
    "funksvd_1m": {
        "0.1": 0.05719078136218185,
        "0.2": 0.059640107745862085,
        "0.3": 0.06283235481333145,
        "0.4": 0.06620506113063777,
        "0.5": 0.07132652721736145,
        "0.6": 0.07598849138188728,
        "0.7": 0.08077773391428461,
        "0.8": 0.08800597983643278,
        "0.9": 0.09636328604979488,
        "1.0": 0.10739117656240973
    },
    "popular_1m": {
        "0.1": 0.05749854953448152,
        "0.2": 0.060450575280348,
        "0.3": 0.06394273819395474,
        "0.4": 0.06748334531965697,
        "0.5": 0.07145003572700381,
        "0.6": 0.0759378364181895,
        "0.7": 0.08174849818730497,
        "0.8": 0.08908306895265546,
        "0.9": 0.09738217199471652,
        "1.0": 0.10884248485603257
    },
    "popularity_1m": {
        "0.1": 0.058249679344048635,
        "0.2": 0.05805082792249551,
        "0.3": 0.05960683215521931,
        "0.4": 0.06098343555863209,
        "0.5": 0.06287729150318203,
        "0.6": 0.06435040492621419,
        "0.7": 0.06611511923123688,
        "0.8": 0.06721332874818058,
        "0.9": 0.06962411022377249,
        "1.0": 0.07205273130566708
    },
    "random_1m": {
        "0.1": 0.005587463256569492,
        "0.2": 0.005553402467179715,
        "0.3": 0.005152218535480312,
        "0.4": 0.005539625559209489,
        "0.5": 0.005501712179485451,
        "0.6": 0.005507046856625287,
        "0.7": 0.005638459731280781,
        "0.8": 0.00554827623071875,
        "0.9": 0.005510077892858007,
        "1.0": 0.006067799081838572
    },
    "svd_1m": {
        "0.1": 0.060136296291326344,
        "0.2": 0.07456688442601501,
        "0.3": 0.08182464423930179,
        "0.4": 0.0956480490376081,
        "0.5": 0.11157487623935466,
        "0.6": 0.1253799325720855,
        "0.7": 0.14104266093314005,
        "0.8": 0.15658542213136778,
        "0.9": 0.17829788967496346,
        "1.0": 0.20539549790582756
    },
    "userknn_1m": {
        "0.1": 0.05846026684976514,
        "0.2": 0.07243296732012569,
        "0.3": 0.08341008932648152,
        "0.4": 0.09683893128252234,
        "0.5": 0.11010613530972227,
        "0.6": 0.12158636920864972,
        "0.7": 0.1395043472124597,
        "0.8": 0.1585605783747771,
        "0.9": 0.18229673020754406,
        "1.0": 0.2131956651971985
    }
}