{
    "bias_goodreads_poetry_5core": {
        "0.1": 0.020356237052816605,
        "0.2": 0.021902927101131755,
        "0.3": 0.022094664742114897,
        "0.4": 0.023554284665719117,
        "0.5": 0.02232080952062787,
        "0.6": 0.023925764610679787,
        "0.7": 0.02401875603715828,
        "0.8": 0.02389284461341289,
        "0.9": 0.024251591968578914,
        "1.0": 0.024291518258918832
    },
    "bpr_goodreads_poetry_5core": {
        "0.1": 0.005549744485986455,
        "0.2": 0.01106388298789453,
        "0.3": 0.013433947945759046,
        "0.4": 0.02230094200238024,
        "0.5": 0.024301681093171726,
        "0.6": 0.03520678896561638,
        "0.7": 0.03499132447467811,
        "0.8": 0.04550898148399742,
        "0.9": 0.05014058802386724,
        "1.0": 0.05512542369285436
    },
    "ease_goodreads_poetry_5core": {
        "0.1": 0.012223708174106016,
        "0.2": 0.028449188803589695,
        "0.3": 0.047155823019721516,
        "0.4": 0.0626491688629591,
        "0.5": 0.0722363967905114,
        "0.6": 0.08351984753346642,
        "0.7": 0.09180667456533236,
        "0.8": 0.09951774676495025,
        "0.9": 0.10728062329649389,
        "1.0": 0.10781258369805417
    },
    "implicitmf_goodreads_poetry_5core": {
        "0.1": 0.010874203947887405,
        "0.2": 0.02427293660576471,
        "0.3": 0.042476758192263576,
        "0.4": 0.06729598971209522,
        "0.5": 0.0665176775212196,
        "0.6": 0.07582103420802955,
        "0.7": 0.08489014151478376,
        "0.8": 0.09137279023819954,
        "0.9": 0.09830241220111237,
        "1.0": 0.1016141255224464
    },
    "itemknn_lenskit_goodreads_poetry_5core": {
        "0.1": 0.003725084662869707,
        "0.2": 0.01072200717976788,
        "0.3": 0.011062272259237546,
        "0.4": 0.018170204893845177,
        "0.5": 0.02442055353821553,
        "0.6": 0.03282774380773834,
        "0.7": 0.042169436436910714,
        "0.8": 0.05663358724731283,
        "0.9": 0.07280905991778847,
        "1.0": 0.0802200862221207
    },
    "itemknn_recpack_goodreads_poetry_5core": {
        "0.1": 0.006208440659010317,
        "0.2": 0.010784009807887424,
        "0.3": 0.016338272084102396,
        "0.4": 0.023075416387562196,
        "0.5": 0.03162228107329679,
        "0.6": 0.04988755613259635,
        "0.7": 0.05973809202251139,
        "0.8": 0.07703356468498856,
        "0.9": 0.08690493386019485,
        "1.0": 0.09079242219542001
    },
    "kunn_goodreads_poetry_5core": {
        "0.1": 0.006509079099812397,
        "0.2": 0.01148825185461016,
        "0.3": 0.02082469124112997,
        "0.4": 0.02620500317721268,
        "0.5": 0.03892331088914054,
        "0.6": 0.05756622694891786,
        "0.7": 0.07216368506187475,
        "0.8": 0.09183965490764281,
        "0.9": 0.09644022183444248,
        "1.0": 0.10382422962448895
    },
    "popular_goodreads_poetry_5core": {
        "0.1": 0.02748947139034096,
        "0.2": 0.030717582355473335,
        "0.3": 0.030321177285937924,
        "0.4": 0.03154000845590828,
        "0.5": 0.031331990676204464,
        "0.6": 0.031030306784101624,
        "0.7": 0.03152451539424455,
        "0.8": 0.031100767793351348,
        "0.9": 0.031811905643840434,
        "1.0": 0.032106912782080416
    },
    "popularity_goodreads_poetry_5core": {
        "0.1": 0.02623439151277073,
        "0.2": 0.027333281387293802,
        "0.3": 0.027638253410482292,
        "0.4": 0.027985617553536804,
        "0.5": 0.02804695337589886,
        "0.6": 0.028032450887754305,
        "0.7": 0.02809820304033131,
        "0.8": 0.02808288938632793,
        "0.9": 0.028203942154733454,
        "1.0": 0.028164187561283235
    },
    "random_goodreads_poetry_5core": {
        "0.1": 0.0017957977428794862,
        "0.2": 0.001602044382802366,
        "0.3": 0.0015489826625238355,
        "0.4": 0.0015604038002430135,
        "0.5": 0.001547505296396472,
        "0.6": 0.0019993240238366855,
        "0.7": 0.0020049626654679606,
        "0.8": 0.0018036051283210639,
        "0.9": 0.0010335074795288478,
        "1.0": 0.0019483900075248442
    },
    "slim_goodreads_poetry_5core": {
        "0.1": 0.002177204605522519,
        "0.2": 0.020888734858732223,
        "0.3": 0.04094019091985919,
        "0.4": 0.058241030777945166,
        "0.5": 0.06634638441081213,
        "0.6": 0.07848828805993906,
        "0.7": 0.0867319656831528,
        "0.8": 0.09773275796200956,
        "0.9": 0.11086250703064118,
        "1.0": 0.11273562627634331
    },
    "svditemtoitem_goodreads_poetry_5core": {
        "0.1": 0.013324619247983165,
        "0.2": 0.03351917503173862,
        "0.3": 0.048010337981907125,
        "0.4": 0.059920710052378284,
        "0.5": 0.06852318283549494,
        "0.6": 0.07756015145697945,
        "0.7": 0.08502508160346645,
        "0.8": 0.09090740240918216,
        "0.9": 0.10014401549967163,
        "1.0": 0.10007670418018921
    },
    "userknn_goodreads_poetry_5core": {
        "0.1": 0.005070276348788865,
        "0.2": 0.019665158676370694,
        "0.3": 0.031577687545755365,
        "0.4": 0.049839688336577495,
        "0.5": 0.05956979619343234,
        "0.6": 0.06960031223310921,
        "0.7": 0.0783614557898201,
        "0.8": 0.08548210533324817,
        "0.9": 0.09718373235309322,
        "1.0": 0.10402996312361969
    },
    "biasedmf_goodreads_poetry_5core": {
        "0.1": 0.004594148081915911,
        "0.2": 0.00929809509599558,
        "0.3": 0.012628304751290688,
        "0.4": 0.014153903023792805,
        "0.5": 0.010072112738934911,
        "0.6": 0.014788296154252718,
        "0.7": 0.018193744816065126,
        "0.8": 0.0176099065084787,
        "0.9": 0.017319173493060416,
        "1.0": 0.01798753993568409
    },
    "svd_goodreads_poetry_5core": {
        "0.1": 0.017943458675642558,
        "0.2": 0.035335704160475254,
        "0.3": 0.04854288269250301,
        "0.4": 0.05291602789749439,
        "0.5": 0.06326088760650156,
        "0.6": 0.07075010824633275,
        "0.7": 0.08190260345310922,
        "0.8": 0.09486114308039205,
        "0.9": 0.1082380748688912,
        "1.0": 0.11043618411913556
    },
    "funksvd_goodreads_poetry_5core": {
        "0.1": 0.020227933044641596,
        "0.2": 0.030144544154469138,
        "0.3": 0.02927962982683699,
        "0.4": 0.030454052222886923,
        "0.5": 0.030613332623351322,
        "0.6": 0.030863672954518754,
        "0.7": 0.030999938201323397,
        "0.8": 0.030940425096523092,
        "0.9": 0.031570278251271185,
        "1.0": 0.031334565648133125
    }
}