{
    "itemknn_lenskit_goodreads_poetry_5core": {
        "0.1": 0.003725084662869707,
        "0.2": 0.01072200717976788,
        "0.3": 0.011062272259237546,
        "0.4": 0.018170204893845177,
        "0.5": 0.02442055353821553,
        "0.6": 0.03282774380773834,
        "0.7": 0.042169436436910714,
        "0.8": 0.05663358724731283,
        "0.9": 0.07280905991778847,
        "1.0": 0.0802200862221207
    },
    "itemknn_recpack_goodreads_poetry_5core": {
        "0.1": 0.006208440659010317,
        "0.2": 0.010784009807887424,
        "0.3": 0.016338272084102396,
        "0.4": 0.023075416387562196,
        "0.5": 0.03162228107329679,
        "0.6": 0.04988755613259635,
        "0.7": 0.05973809202251139,
        "0.8": 0.07703356468498856,
        "0.9": 0.08690493386019485,
        "1.0": 0.09079242219542001
    },
    "userknn_goodreads_poetry_5core": {
        "0.1": 0.005070276348788865,
        "0.2": 0.019665158676370694,
        "0.3": 0.031577687545755365,
        "0.4": 0.049839688336577495,
        "0.5": 0.05956979619343234,
        "0.6": 0.06960031223310921,
        "0.7": 0.0783614557898201,
        "0.8": 0.08548210533324817,
        "0.9": 0.09718373235309322,
        "1.0": 0.10402996312361969
    },
    "svd_goodreads_poetry_5core": {
        "0.1": 0.017943458675642558,
        "0.2": 0.035335704160475254,
        "0.3": 0.04854288269250301,
        "0.4": 0.05291602789749439,
        "0.5": 0.06326088760650156,
        "0.6": 0.07075010824633275,
        "0.7": 0.08190260345310922,
        "0.8": 0.09486114308039205,
        "0.9": 0.1082380748688912,
        "1.0": 0.11043618411913556
    }
}