{
     "bias_goodreads_poetry_5core": {
        "0.1": 0.020356237052816605,
        "0.2": 0.021902927101131755,
        "0.3": 0.022094664742114897,
        "0.4": 0.023554284665719117,
        "0.5": 0.02232080952062787,
        "0.6": 0.023925764610679787,
        "0.7": 0.02401875603715828,
        "0.8": 0.02389284461341289,
        "0.9": 0.024251591968578914,
        "1.0": 0.024291518258918832
    },
    "popular_goodreads_poetry_5core": {
        "0.1": 0.02748947139034096,
        "0.2": 0.030717582355473335,
        "0.3": 0.030321177285937924,
        "0.4": 0.03154000845590828,
        "0.5": 0.031331990676204464,
        "0.6": 0.031030306784101624,
        "0.7": 0.03152451539424455,
        "0.8": 0.031100767793351348,
        "0.9": 0.031811905643840434,
        "1.0": 0.032106912782080416
    },
    "popularity_goodreads_poetry_5core": {
        "0.1": 0.02623439151277073,
        "0.2": 0.027333281387293802,
        "0.3": 0.027638253410482292,
        "0.4": 0.027985617553536804,
        "0.5": 0.02804695337589886,
        "0.6": 0.028032450887754305,
        "0.7": 0.02809820304033131,
        "0.8": 0.02808288938632793,
        "0.9": 0.028203942154733454,
        "1.0": 0.028164187561283235
    },
    "random_goodreads_poetry_5core": {
        "0.1": 0.0017957977428794862,
        "0.2": 0.001602044382802366,
        "0.3": 0.0015489826625238355,
        "0.4": 0.0015604038002430135,
        "0.5": 0.001547505296396472,
        "0.6": 0.0019993240238366855,
        "0.7": 0.0020049626654679606,
        "0.8": 0.0018036051283210639,
        "0.9": 0.0010335074795288478,
        "1.0": 0.0019483900075248442
    },
    "biasedmf_goodreads_poetry_5core": {
        "0.1": 0.004594148081915911,
        "0.2": 0.00929809509599558,
        "0.3": 0.012628304751290688,
        "0.4": 0.014153903023792805,
        "0.5": 0.010072112738934911,
        "0.6": 0.014788296154252718,
        "0.7": 0.018193744816065126,
        "0.8": 0.0176099065084787,
        "0.9": 0.017319173493060416,
        "1.0": 0.01798753993568409
    },
    "funksvd_goodreads_poetry_5core": {
        "0.1": 0.020227933044641596,
        "0.2": 0.030144544154469138,
        "0.3": 0.02927962982683699,
        "0.4": 0.030454052222886923,
        "0.5": 0.030613332623351322,
        "0.6": 0.030863672954518754,
        "0.7": 0.030999938201323397,
        "0.8": 0.030940425096523092,
        "0.9": 0.031570278251271185,
        "1.0": 0.031334565648133125
    }
}