{
    "bpr_goodreads_poetry_5core": {
        "0.1": 0.005549744485986455,
        "0.2": 0.01106388298789453,
        "0.3": 0.013433947945759046,
        "0.4": 0.02230094200238024,
        "0.5": 0.024301681093171726,
        "0.6": 0.03520678896561638,
        "0.7": 0.03499132447467811,
        "0.8": 0.04550898148399742,
        "0.9": 0.05014058802386724,
        "1.0": 0.05512542369285436
    },
    "ease_goodreads_poetry_5core": {
        "0.1": 0.012223708174106016,
        "0.2": 0.028449188803589695,
        "0.3": 0.047155823019721516,
        "0.4": 0.0626491688629591,
        "0.5": 0.0722363967905114,
        "0.6": 0.08351984753346642,
        "0.7": 0.09180667456533236,
        "0.8": 0.09951774676495025,
        "0.9": 0.10728062329649389,
        "1.0": 0.10781258369805417
    },
    "implicitmf_goodreads_poetry_5core": {
        "0.1": 0.010874203947887405,
        "0.2": 0.02427293660576471,
        "0.3": 0.042476758192263576,
        "0.4": 0.06729598971209522,
        "0.5": 0.0665176775212196,
        "0.6": 0.07582103420802955,
        "0.7": 0.08489014151478376,
        "0.8": 0.09137279023819954,
        "0.9": 0.09830241220111237,
        "1.0": 0.1016141255224464
    },
    "kunn_goodreads_poetry_5core": {
        "0.1": 0.006509079099812397,
        "0.2": 0.01148825185461016,
        "0.3": 0.02082469124112997,
        "0.4": 0.02620500317721268,
        "0.5": 0.03892331088914054,
        "0.6": 0.05756622694891786,
        "0.7": 0.07216368506187475,
        "0.8": 0.09183965490764281,
        "0.9": 0.09644022183444248,
        "1.0": 0.10382422962448895
    },
    "slim_goodreads_poetry_5core": {
        "0.1": 0.002177204605522519,
        "0.2": 0.020888734858732223,
        "0.3": 0.04094019091985919,
        "0.4": 0.058241030777945166,
        "0.5": 0.06634638441081213,
        "0.6": 0.07848828805993906,
        "0.7": 0.0867319656831528,
        "0.8": 0.09773275796200956,
        "0.9": 0.11086250703064118,
        "1.0": 0.11273562627634331
    },
    "svditemtoitem_goodreads_poetry_5core": {
        "0.1": 0.013324619247983165,
        "0.2": 0.03351917503173862,
        "0.3": 0.048010337981907125,
        "0.4": 0.059920710052378284,
        "0.5": 0.06852318283549494,
        "0.6": 0.07756015145697945,
        "0.7": 0.08502508160346645,
        "0.8": 0.09090740240918216,
        "0.9": 0.10014401549967163,
        "1.0": 0.10007670418018921
    }
}