{
    "itemknn_lenskit_goodreads_poetry": {
        "0.1": 0.0170248879053821,
        "0.2": 0.030625507186555233,
        "0.3": 0.032350074667927435,
        "0.4": 0.03498417773949929,
        "0.5": 0.04929097324201513,
        "0.6": 0.06460022341847732,
        "0.7": 0.07667042907131548,
        "0.8": 0.09446010526043828,
        "0.9": 0.1114753423251271,
        "1.0": 0.11958799255197475
    },
    "itemknn_recpack_goodreads_poetry": {
        "0.1": 0.018248994719645334,
        "0.2": 0.02346906175223942,
        "0.3": 0.034455638266990926,
        "0.4": 0.04259726270884761,
        "0.5": 0.048797803197331256,
        "0.6": 0.06574566610946353,
        "0.7": 0.0891855579132459,
        "0.8": 0.10393654728865785,
        "0.9": 0.11598762715743291,
        "1.0": 0.1294235670870355
    },
    "nmf_goodreads_poetry": {
        "0.1": 0.02798765363938277,
        "0.2": 0.051399425086194314,
        "0.3": 0.055703662038878755,
        "0.4": 0.06729421130609059,
        "0.5": 0.07734192383229117,
        "0.6": 0.09483159499683844,
        "0.7": 0.10549683262238826,
        "0.8": 0.12432216090639783,
        "0.9": 0.1372123981576856,
        "1.0": 0.1574985062253748
    },
     "svd_goodreads_poetry": {
        "0.7": 0.09735107758741682,
        "0.8": 0.11056385300511574,
        "0.9": 0.13829237332435534,
        "1.0": 0.14617136284130705,
        "0.1": 0.02834835477849084,
        "0.2": 0.040551704020811354,
        "0.3": 0.05084072000618098,
        "0.4": 0.06969716476768542,
        "0.5": 0.07337161785236679,
        "0.6": 0.09517341011820578
    },
    "userknn_goodreads_poetry": {
        "0.1": 0.01842552375780272,
        "0.2": 0.044796998952369715,
        "0.3": 0.056287808507620544,
        "0.4": 0.0641552392614461,
        "0.5": 0.08170173263951883,
        "0.6": 0.08457325343909405,
        "0.7": 0.10666223937078317,
        "0.8": 0.11486398465689378,
        "0.9": 0.11492547575814138,
        "1.0": 0.125111888372919
    }
}