{
    "bias_goodreads_poetry": {
        "0.1": 0.029365878335023896,
        "0.2": 0.035696531781151064,
        "0.3": 0.03710201293305731,
        "0.4": 0.04003675420898818,
        "0.5": 0.03626528455357838,
        "0.6": 0.033722064074084394,
        "0.7": 0.032902402627116314,
        "0.8": 0.037483783042492294,
        "0.9": 0.0408990135034108,
        "1.0": 0.04029000501920697
    },
     "funksvd_goodreads_poetry": {
        "0.1": 0.03810402406628111,
        "0.2": 0.03912148664841342,
        "0.3": 0.039655977172324566,
        "0.4": 0.03577338966236082,
        "0.5": 0.04402357848060353,
        "0.6": 0.04068741371350519,
        "0.7": 0.046443417793335474,
        "0.8": 0.04732848142125196,
        "0.9": 0.05610544628516915,
        "1.0": 0.056608558285306344
    },
     "popular_goodreads_poetry": {
        "0.1": 0.0360279467209114,
        "0.2": 0.04558291245069794,
        "0.3": 0.04404042684313749,
        "0.4": 0.04409973396672617,
        "0.5": 0.04954065928637118,
        "0.6": 0.04943510841905165,
        "0.7": 0.05132297659315093,
        "0.8": 0.05477647724405541,
        "0.9": 0.058730958562349424,
        "1.0": 0.06222434923866751
    },
    "popularity_goodreads_poetry": {
        "0.1": 0.049932425845953296,
        "0.2": 0.05267938229419297,
        "0.3": 0.05924427710858874,
        "0.4": 0.06049459797734727,
        "0.5": 0.05986726478330117,
        "0.6": 0.06164398675726253,
        "0.7": 0.06226968904050668,
        "0.8": 0.06372135329077268,
        "0.9": 0.06327031880036678,
        "1.0": 0.06391633414236164
    },
    "random_goodreads_poetry": {
        "0.1": 0.01721165615705619,
        "0.2": 0.013464385029078287,
        "0.3": 0.012727431493092543,
        "0.4": 0.017141279893389948,
        "0.5": 0.007639039240481688,
        "0.6": 0.015395443871191844,
        "0.7": 0.010249711186397246,
        "0.8": 0.008668266491091873,
        "0.9": 0.010712957801959917,
        "1.0": 0.01363084817145112
    },
    "biasedmf_goodreads_poetry": {
        "0.1": 0.024670132576430404,
        "0.2": 0.028410254620298937,
        "0.3": 0.028825506226344704,
        "0.4": 0.030224260920354816,
        "0.5": 0.03418045214828179,
        "0.6": 0.032836587057709005,
        "0.7": 0.0379462355073856,
        "0.8": 0.03612383680316199,
        "0.9": 0.0373984122183992,
        "1.0": 0.04236787614892437
    }
}