{
    "bias_goodreads_poetry": {
        "0.1": 0.029365878335023896,
        "0.2": 0.035696531781151064,
        "0.3": 0.03710201293305731,
        "0.4": 0.04003675420898818,
        "0.5": 0.03626528455357838,
        "0.6": 0.033722064074084394,
        "0.7": 0.032902402627116314,
        "0.8": 0.037483783042492294,
        "0.9": 0.0408990135034108,
        "1.0": 0.04029000501920697
    },
    "bpr_goodreads_poetry": {
        "0.1": 0.02089083090471681,
        "0.2": 0.029706273904009418,
        "0.3": 0.03094086893254261,
        "0.4": 0.036374348683258145,
        "0.5": 0.05004755042364237,
        "0.6": 0.0572802595409837,
        "0.7": 0.0658786664150749,
        "0.8": 0.0828391210689692,
        "0.9": 0.0918984561663762,
        "1.0": 0.0891170443234003
    },
    "ease_goodreads_poetry": {
        "0.1": 0.031218468797636973,
        "0.2": 0.03563314257210478,
        "0.3": 0.05680460089662927,
        "0.4": 0.07593831382435362,
        "0.5": 0.08694050424912303,
        "0.6": 0.10199835682826625,
        "0.7": 0.11140228287595381,
        "0.8": 0.11759014570878332,
        "0.9": 0.12972274670659947,
        "1.0": 0.1377402101421742
    },
    "funksvd_goodreads_poetry": {
        "0.1": 0.03810402406628111,
        "0.2": 0.03912148664841342,
        "0.3": 0.039655977172324566,
        "0.4": 0.03577338966236082,
        "0.5": 0.04402357848060353,
        "0.6": 0.04068741371350519,
        "0.7": 0.046443417793335474,
        "0.8": 0.04732848142125196,
        "0.9": 0.05610544628516915,
        "1.0": 0.056608558285306344
    },
    "implicitmf_goodreads_poetry": {
        "0.1": 0.02094798851581015,
        "0.2": 0.05278261661768645,
        "0.3": 0.04738707562059157,
        "0.4": 0.05613712531326554,
        "0.5": 0.06550326548380415,
        "0.6": 0.07218174932686583,
        "0.7": 0.07462471145804601,
        "0.8": 0.09722063207454198,
        "0.9": 0.11352667429650806,
        "1.0": 0.1142598761990134
    },
    "itemknn_lenskit_goodreads_poetry": {
        "0.1": 0.0170248879053821,
        "0.2": 0.030625507186555233,
        "0.3": 0.032350074667927435,
        "0.4": 0.03498417773949929,
        "0.5": 0.04929097324201513,
        "0.6": 0.06460022341847732,
        "0.7": 0.07667042907131548,
        "0.8": 0.09446010526043828,
        "0.9": 0.1114753423251271,
        "1.0": 0.11958799255197475
    },
    "itemknn_recpack_goodreads_poetry": {
        "0.1": 0.018248994719645334,
        "0.2": 0.02346906175223942,
        "0.3": 0.034455638266990926,
        "0.4": 0.04259726270884761,
        "0.5": 0.048797803197331256,
        "0.6": 0.06574566610946353,
        "0.7": 0.0891855579132459,
        "0.8": 0.10393654728865785,
        "0.9": 0.11598762715743291,
        "1.0": 0.1294235670870355
    },
    "kunn_goodreads_poetry": {
        "0.1": 0.020057556093231933,
        "0.2": 0.02603292238677582,
        "0.3": 0.040629073757638814,
        "0.4": 0.06420837553619192,
        "0.5": 0.06684175891878308,
        "0.6": 0.08912752525767051,
        "0.7": 0.10048197520177439,
        "0.8": 0.1211763101868916,
        "0.9": 0.13544245372781344,
        "1.0": 0.163974663963104
    },
    "nmf_goodreads_poetry": {
        "0.1": 0.02798765363938277,
        "0.2": 0.051399425086194314,
        "0.3": 0.055703662038878755,
        "0.4": 0.06729421130609059,
        "0.5": 0.07734192383229117,
        "0.6": 0.09483159499683844,
        "0.7": 0.10549683262238826,
        "0.8": 0.12432216090639783,
        "0.9": 0.1372123981576856,
        "1.0": 0.1574985062253748
    },
    "popular_goodreads_poetry": {
        "0.1": 0.0360279467209114,
        "0.2": 0.04558291245069794,
        "0.3": 0.04404042684313749,
        "0.4": 0.04409973396672617,
        "0.5": 0.04954065928637118,
        "0.6": 0.04943510841905165,
        "0.7": 0.05132297659315093,
        "0.8": 0.05477647724405541,
        "0.9": 0.058730958562349424,
        "1.0": 0.06222434923866751
    },
    "popularity_goodreads_poetry": {
        "0.1": 0.049932425845953296,
        "0.2": 0.05267938229419297,
        "0.3": 0.05924427710858874,
        "0.4": 0.06049459797734727,
        "0.5": 0.05986726478330117,
        "0.6": 0.06164398675726253,
        "0.7": 0.06226968904050668,
        "0.8": 0.06372135329077268,
        "0.9": 0.06327031880036678,
        "1.0": 0.06391633414236164
    },
    "random_goodreads_poetry": {
        "0.1": 0.01721165615705619,
        "0.2": 0.013464385029078287,
        "0.3": 0.012727431493092543,
        "0.4": 0.017141279893389948,
        "0.5": 0.007639039240481688,
        "0.6": 0.015395443871191844,
        "0.7": 0.010249711186397246,
        "0.8": 0.008668266491091873,
        "0.9": 0.010712957801959917,
        "1.0": 0.01363084817145112
    },
    "slim_goodreads_poetry": {
        "0.1": 0.020868865585073088,
        "0.2": 0.0420798867757136,
        "0.3": 0.0653127471291463,
        "0.4": 0.07297079634474692,
        "0.5": 0.08449531301383909,
        "0.6": 0.10106438654363717,
        "0.7": 0.11403309222187641,
        "0.8": 0.1245659366656798,
        "0.9": 0.14349069667084713,
        "1.0": 0.15674465575626736
    },
    "svd_goodreads_poetry": {
        "0.7": 0.09735107758741682,
        "0.8": 0.11056385300511574,
        "0.9": 0.13829237332435534,
        "1.0": 0.14617136284130705,
        "0.1": 0.02834835477849084,
        "0.2": 0.040551704020811354,
        "0.3": 0.05084072000618098,
        "0.4": 0.06969716476768542,
        "0.5": 0.07337161785236679,
        "0.6": 0.09517341011820578
    },
    "svditemtoitem_goodreads_poetry": {
        "0.1": 0.029042755641519986,
        "0.2": 0.04182729931805626,
        "0.3": 0.05704452976738878,
        "0.4": 0.06974953567732113,
        "0.5": 0.08331492259230452,
        "0.6": 0.10396894520650991,
        "0.7": 0.1083576227025643,
        "0.8": 0.11795536821384428,
        "0.9": 0.11975866587999712,
        "1.0": 0.13213611246244422
    },
    "userknn_goodreads_poetry": {
        "0.1": 0.01842552375780272,
        "0.2": 0.044796998952369715,
        "0.3": 0.056287808507620544,
        "0.4": 0.0641552392614461,
        "0.5": 0.08170173263951883,
        "0.6": 0.08457325343909405,
        "0.7": 0.10666223937078317,
        "0.8": 0.11486398465689378,
        "0.9": 0.11492547575814138,
        "1.0": 0.125111888372919
    },
    "biasedmf_goodreads_poetry": {
        "0.1": 0.024670132576430404,
        "0.2": 0.028410254620298937,
        "0.3": 0.028825506226344704,
        "0.4": 0.030224260920354816,
        "0.5": 0.03418045214828179,
        "0.6": 0.032836587057709005,
        "0.7": 0.0379462355073856,
        "0.8": 0.03612383680316199,
        "0.9": 0.0373984122183992,
        "1.0": 0.04236787614892437
    }
}