{
    "bpr_goodreads_poetry": {
        "0.1": 0.02089083090471681,
        "0.2": 0.029706273904009418,
        "0.3": 0.03094086893254261,
        "0.4": 0.036374348683258145,
        "0.5": 0.05004755042364237,
        "0.6": 0.0572802595409837,
        "0.7": 0.0658786664150749,
        "0.8": 0.0828391210689692,
        "0.9": 0.0918984561663762,
        "1.0": 0.0891170443234003
    },
    "ease_goodreads_poetry": {
        "0.1": 0.031218468797636973,
        "0.2": 0.03563314257210478,
        "0.3": 0.05680460089662927,
        "0.4": 0.07593831382435362,
        "0.5": 0.08694050424912303,
        "0.6": 0.10199835682826625,
        "0.7": 0.11140228287595381,
        "0.8": 0.11759014570878332,
        "0.9": 0.12972274670659947,
        "1.0": 0.1377402101421742
    },
    "implicitmf_goodreads_poetry": {
        "0.1": 0.02094798851581015,
        "0.2": 0.05278261661768645,
        "0.3": 0.04738707562059157,
        "0.4": 0.05613712531326554,
        "0.5": 0.06550326548380415,
        "0.6": 0.07218174932686583,
        "0.7": 0.07462471145804601,
        "0.8": 0.09722063207454198,
        "0.9": 0.11352667429650806,
        "1.0": 0.1142598761990134
    },
    "kunn_goodreads_poetry": {
        "0.1": 0.020057556093231933,
        "0.2": 0.02603292238677582,
        "0.3": 0.040629073757638814,
        "0.4": 0.06420837553619192,
        "0.5": 0.06684175891878308,
        "0.6": 0.08912752525767051,
        "0.7": 0.10048197520177439,
        "0.8": 0.1211763101868916,
        "0.9": 0.13544245372781344,
        "1.0": 0.163974663963104
    },
    "slim_goodreads_poetry": {
        "0.1": 0.020868865585073088,
        "0.2": 0.0420798867757136,
        "0.3": 0.0653127471291463,
        "0.4": 0.07297079634474692,
        "0.5": 0.08449531301383909,
        "0.6": 0.10106438654363717,
        "0.7": 0.11403309222187641,
        "0.8": 0.1245659366656798,
        "0.9": 0.14349069667084713,
        "1.0": 0.15674465575626736
    },
    "svditemtoitem_goodreads_poetry": {
        "0.1": 0.029042755641519986,
        "0.2": 0.04182729931805626,
        "0.3": 0.05704452976738878,
        "0.4": 0.06974953567732113,
        "0.5": 0.08331492259230452,
        "0.6": 0.10396894520650991,
        "0.7": 0.1083576227025643,
        "0.8": 0.11795536821384428,
        "0.9": 0.11975866587999712,
        "1.0": 0.13213611246244422
    }
}