{
    "bias_book_crossing_prune5": {
        "0.1": 0.007618814460960897,
        "0.2": 0.007930974778271444,
        "0.3": 0.008062353988547417,
        "0.4": 0.007907767706564255,
        "0.5": 0.0076179144695015435,
        "0.6": 0.007872463100429744,
        "0.7": 0.008019939793026948,
        "0.8": 0.008142249355976466,
        "0.9": 0.00787775169375087,
        "1.0": 0.007963188181645476
    },
    "biasedmf_book_crossing_prune5": {
        "0.1": 0.00047203024949052787,
        "0.2": 0.0006466696914641684,
        "0.3": 0.0011932010202814678,
        "0.4": 0.0018265419883919723,
        "0.5": 0.0025853606661987456,
        "0.6": 0.003080179445995078,
        "0.7": 0.0034729837729944282,
        "0.8": 0.0036264369681378453,
        "0.9": 0.004339554948390682,
        "1.0": 0.004821143223923371
    },
    "funksvd_book_crossing_prune5": {
        "0.1": 0.007563218864193867,
        "0.2": 0.008547473225642787,
        "0.3": 0.008836904428857924,
        "0.4": 0.009141831622919731,
        "0.5": 0.009498791778030969,
        "0.6": 0.009609923525377444,
        "0.7": 0.009715568301725252,
        "0.8": 0.009434467447346781,
        "0.9": 0.009520636319820353,
        "1.0": 0.009806453096367273
    },
     "random_book_crossing_prune5": {
        "0.1": 0.0002025483456857167,
        "0.2": 0.00018535146482787706,
        "0.3": 0.00018061605273853913,
        "0.4": 0.00012102343268501104,
        "0.5": 0.00010944931248104708,
        "0.6": 0.0002343145141356049,
        "0.7": 0.0002043747526632266,
        "0.8": 0.00025692068030470455,
        "0.9": 0.00018462472174470305,
        "1.0": 0.00011593155533087659
    },
    "popularity_book_crossing_prune5": {
        "0.1": 0.015389999773528854,
        "0.2": 0.01568366106015944,
        "0.3": 0.015481812392760488,
        "0.4": 0.015605203960984027,
        "0.5": 0.015619769503703085,
        "0.6": 0.015782193422871255,
        "0.7": 0.015855630117869304,
        "0.8": 0.01595355102086314,
        "0.9": 0.016246095755448713,
        "1.0": 0.016354147439608033
    }
}