{
    "item_knn_book_crossing_prune5": {
        "0.1": 0.0006416436909558753,
        "0.2": 0.0017795792828058364,
        "0.3": 0.0021128848288897366,
        "0.4": 0.004538589117639843,
        "0.5": 0.007396604880108593,
        "0.6": 0.011299376033664356,
        "0.7": 0.017890360616879094,
        "0.8": 0.023569484368911583,
        "0.9": 0.02906951008618065,
        "1.0": 0.0367995935168755
    },
    "userknn_book_crossing_prune5": {
        "0.1": 0.000596182286351704,
        "0.2": 0.0014732619056827276,
        "0.3": 0.0032097384618534476,
        "0.4": 0.007077304604164048,
        "0.5": 0.008967018495617277,
        "0.6": 0.012814121404691084,
        "0.7": 0.016307039761918878,
        "0.8": 0.018453884991047963,
        "0.9": 0.02257692539419786,
        "1.0": 0.02518792228682536
    },
    "itemknn_recpack_book_crossing_prune5": {
        "0.1": 0.0009119133265943876,
        "0.2": 0.0016140628432343455,
        "0.3": 0.002014524813725775,
        "0.4": 0.0025671959445253594,
        "0.5": 0.004731942494117763,
        "0.6": 0.008026663813299195,
        "0.7": 0.013659033689019032,
        "0.8": 0.02096593747074849,
        "0.9": 0.030457204463344295,
        "1.0": 0.04014232526165442
    }
}