{
    "bias_book_crossing_prune5": {
        "0.1": 0.007618814460960897,
        "0.2": 0.007930974778271444,
        "0.3": 0.008062353988547417,
        "0.4": 0.007907767706564255,
        "0.5": 0.0076179144695015435,
        "0.6": 0.007872463100429744,
        "0.7": 0.008019939793026948,
        "0.8": 0.008142249355976466,
        "0.9": 0.00787775169375087,
        "1.0": 0.007963188181645476
    },
    "biasedmf_book_crossing_prune5": {
        "0.1": 0.00047203024949052787,
        "0.2": 0.0006466696914641684,
        "0.3": 0.0011932010202814678,
        "0.4": 0.0018265419883919723,
        "0.5": 0.0025853606661987456,
        "0.6": 0.003080179445995078,
        "0.7": 0.0034729837729944282,
        "0.8": 0.0036264369681378453,
        "0.9": 0.004339554948390682,
        "1.0": 0.004821143223923371
    },
    "bpr_book_crossing_prune5": {
        "0.1": 0.000680591762762373,
        "0.2": 0.0017738423785226116,
        "0.3": 0.0034976975890967997,
        "0.4": 0.00583927151846706,
        "0.5": 0.008505296639251073,
        "0.6": 0.009161537484165773,
        "0.7": 0.011169471810136253,
        "0.8": 0.01346732797323844,
        "0.9": 0.013367093964623808,
        "1.0": 0.015538466856992459
    },
    "item_knn_book_crossing_prune5": {
        "0.1": 0.0006416436909558753,
        "0.2": 0.0017795792828058364,
        "0.3": 0.0021128848288897366,
        "0.4": 0.004538589117639843,
        "0.5": 0.007396604880108593,
        "0.6": 0.011299376033664356,
        "0.7": 0.017890360616879094,
        "0.8": 0.023569484368911583,
        "0.9": 0.02906951008618065,
        "1.0": 0.0367995935168755
    },
    "funksvd_book_crossing_prune5": {
        "0.1": 0.007563218864193867,
        "0.2": 0.008547473225642787,
        "0.3": 0.008836904428857924,
        "0.4": 0.009141831622919731,
        "0.5": 0.009498791778030969,
        "0.6": 0.009609923525377444,
        "0.7": 0.009715568301725252,
        "0.8": 0.009434467447346781,
        "0.9": 0.009520636319820353,
        "1.0": 0.009806453096367273
    },
    "implicitmf_book_crossing_prune5": {
        "0.1": 0.006744784619468321,
        "0.2": 0.01047987468625234,
        "0.3": 0.011476068751693033,
        "0.4": 0.013389443391479332,
        "0.5": 0.016156771992112132,
        "0.6": 0.020186993508356683,
        "0.7": 0.021993109059759517,
        "0.8": 0.024889749577002625,
        "0.9": 0.02559190069810568,
        "1.0": 0.028490261352861528
    },
    "random_book_crossing_prune5": {
        "0.1": 0.0002025483456857167,
        "0.2": 0.00018535146482787706,
        "0.3": 0.00018061605273853913,
        "0.4": 0.00012102343268501104,
        "0.5": 0.00010944931248104708,
        "0.6": 0.0002343145141356049,
        "0.7": 0.0002043747526632266,
        "0.8": 0.00025692068030470455,
        "0.9": 0.00018462472174470305,
        "1.0": 0.00011593155533087659
    },
    "userknn_book_crossing_prune5": {
        "0.1": 0.000596182286351704,
        "0.2": 0.0014732619056827276,
        "0.3": 0.0032097384618534476,
        "0.4": 0.007077304604164048,
        "0.5": 0.008967018495617277,
        "0.6": 0.012814121404691084,
        "0.7": 0.016307039761918878,
        "0.8": 0.018453884991047963,
        "0.9": 0.02257692539419786,
        "1.0": 0.02518792228682536
    },
    "itemknn_recpack_book_crossing_prune5": {
        "0.1": 0.0009119133265943876,
        "0.2": 0.0016140628432343455,
        "0.3": 0.002014524813725775,
        "0.4": 0.0025671959445253594,
        "0.5": 0.004731942494117763,
        "0.6": 0.008026663813299195,
        "0.7": 0.013659033689019032,
        "0.8": 0.02096593747074849,
        "0.9": 0.030457204463344295,
        "1.0": 0.04014232526165442
    },
    "popularity_book_crossing_prune5": {
        "0.1": 0.015389999773528854,
        "0.2": 0.01568366106015944,
        "0.3": 0.015481812392760488,
        "0.4": 0.015605203960984027,
        "0.5": 0.015619769503703085,
        "0.6": 0.015782193422871255,
        "0.7": 0.015855630117869304,
        "0.8": 0.01595355102086314,
        "0.9": 0.016246095755448713,
        "1.0": 0.016354147439608033
    },
    "slim_book_crossing_prune5": {
        "0.1": 0.0,
        "0.2": 0.00037454722421416506,
        "0.3": 0.005176551892395281,
        "0.4": 0.011694658390332988,
        "0.5": 0.018491911339284534,
        "0.6": 0.023995889662530228,
        "0.7": 0.0297923614861574,
        "0.8": 0.03554037460244696,
        "0.9": 0.04317043251727226,
        "1.0": 0.04892403802857643
    }
}