{
    "bpr_book_crossing_prune5": {
        "0.1": 0.000680591762762373,
        "0.2": 0.0017738423785226116,
        "0.3": 0.0034976975890967997,
        "0.4": 0.00583927151846706,
        "0.5": 0.008505296639251073,
        "0.6": 0.009161537484165773,
        "0.7": 0.011169471810136253,
        "0.8": 0.01346732797323844,
        "0.9": 0.013367093964623808,
        "1.0": 0.015538466856992459
    },
    "implicitmf_book_crossing_prune5": {
        "0.1": 0.006744784619468321,
        "0.2": 0.01047987468625234,
        "0.3": 0.011476068751693033,
        "0.4": 0.013389443391479332,
        "0.5": 0.016156771992112132,
        "0.6": 0.020186993508356683,
        "0.7": 0.021993109059759517,
        "0.8": 0.024889749577002625,
        "0.9": 0.02559190069810568,
        "1.0": 0.028490261352861528
    },
     "slim_book_crossing_prune5": {
        "0.1": 0.0,
        "0.2": 0.00037454722421416506,
        "0.3": 0.005176551892395281,
        "0.4": 0.011694658390332988,
        "0.5": 0.018491911339284534,
        "0.6": 0.023995889662530228,
        "0.7": 0.0297923614861574,
        "0.8": 0.03554037460244696,
        "0.9": 0.04317043251727226,
        "1.0": 0.04892403802857643
     }
}