{
    "bias_book_crossing_new_seed": {
        "0.1": 0.009628323238419622,
        "0.2": 0.008742103657289333,
        "0.3": 0.008968538941401313,
        "0.4": 0.009777635455402868,
        "0.5": 0.01058108995564394,
        "0.6": 0.010177799451093643,
        "0.7": 0.00987086379633996,
        "0.8": 0.009865323090356247,
        "0.9": 0.010159815754157708,
        "1.0": 0.010044414840259816
    },
    "popular_book_crossing_new_seed": {
        "0.2": 0.016520747669760163,
        "0.1": 0.01656503574661748,
        "0.3": 0.01689159314371627,
        "0.4": 0.017295488805327053,
        "0.5": 0.01726884718029663,
        "0.6": 0.01753668411949845,
        "0.7": 0.017860093400757556,
        "0.8": 0.018118235059719573,
        "0.9": 0.018772162812793813,
        "1.0": 0.01896949391692002
    },
    "item_knn_book_crossing_new_seed": {
        "0.1": 0.004547995140556689,
        "0.2": 0.0066816813163466755,
        "0.3": 0.008165980749377102,
        "0.4": 0.010863880891543626,
        "0.5": 0.018136418329153883,
        "0.6": 0.027570903877739732,
        "0.7": 0.0399245037650226,
        "0.8": 0.050754631337673196,
        "0.9": 0.06362977836234615,
        "1.0": 0.0738958365751914
    },
    "ease_book_crossing_new_seed": {
        "0.1": 0.007823107746258447,
        "0.2": 0.014498405620122974,
        "0.3": 0.019778668691956363,
        "0.4": 0.027148667579047946,
        "0.5": 0.03300237711421906,
        "0.6": 0.039256387249616366,
        "0.7": 0.045480908408988815,
        "0.8": 0.050595970322671616,
        "0.9": 0.057812381536953866,
        "1.0": 0.06507073406940447
    },
    "funksvd_book_crossing_new_seed": {
        "0.1": 0.012181856312831342,
        "0.2": 0.01187339601199022,
        "0.3": 0.012775548092381824,
        "0.4": 0.012956748240454598,
        "0.5": 0.012947278742907686,
        "0.6": 0.013376942491866429,
        "0.7": 0.013427944160083145,
        "0.8": 0.013832452992540966,
        "0.9": 0.013741858565137939,
        "1.0": 0.014054143755326187
    },
    "implicitmf_book_crossing_new_seed": {
        "0.1": 0.009919827857241353,
        "0.2": 0.011076068453190419,
        "0.3": 0.01617315058767047,
        "0.4": 0.02033352401332404,
        "0.5": 0.02205252084159349,
        "0.6": 0.02401913518463911,
        "0.7": 0.027305429531329556,
        "0.8": 0.030717876869526546,
        "0.9": 0.033119641202400414,
        "1.0": 0.03748906665760601
    },
    "itemknn_recpack_book_crossing_new_seed": {
        "0.1": 0.0013402730197239901,
        "0.2": 0.0012876008733214018,
        "0.3": 0.0021990589166378796,
        "0.4": 0.004513674580689042,
        "0.5": 0.009339405894138564,
        "0.6": 0.018286733594499727,
        "0.7": 0.03159179323341002,
        "0.8": 0.044048808599941605,
        "0.9": 0.05653263597380653,
        "1.0": 0.06552063867396034
    },
    "kunn_book_crossing_new_seed": {
        "0.1": 0.002153682213289995,
        "0.2": 0.003429078964859107,
        "0.3": 0.006183103129082958,
        "0.4": 0.010615040901625121,
        "0.5": 0.01805683927741981,
        "0.6": 0.02708158859320503,
        "0.7": 0.038221596125616125,
        "0.8": 0.049273074974659666,
        "0.9": 0.060986539910277,
        "1.0": 0.0706467685119278
    },
    "bpr_book_crossing": {
        "0.1": 0.0014175856493229657,
        "0.2": 0.0035301180217348765,
        "0.3": 0.004803399758275558,
        "0.4": 0.008216461777312447,
        "0.5": 0.010063990444931925,
        "0.6": 0.011129668385549771,
        "0.7": 0.013930059126185527,
        "0.8": 0.015507711081272267,
        "0.9": 0.017823875464741828,
        "1.0": 0.020437617035715613
    },
    "nmf_book_crossing_new_seed": {
        "0.1": 0.012641156330422551,
        "0.2": 0.012725909536587717,
        "0.3": 0.013358133953371234,
        "0.4": 0.020171684504859864,
        "0.5": 0.026813171755241165,
        "0.6": 0.03237934062950634,
        "0.7": 0.03979514129834886,
        "0.8": 0.04605691422803408,
        "0.9": 0.05449368643553934,
        "1.0": 0.06007768159262385
    },
    "popularity_book_crossing_new_seed": {
        "0.1": 0.01986741554700104,
        "0.2": 0.019970844711541244,
        "0.3": 0.020241902041209126,
        "0.4": 0.020184421106364096,
        "0.5": 0.020103448760514217,
        "0.6": 0.020213780796830963,
        "0.7": 0.02047802086687959,
        "0.8": 0.020805409581482512,
        "0.9": 0.02092652935942705,
        "1.0": 0.020998324989114796
    },
    "random_book_crossing_new_seed": {
        "0.1": 0.0006886872499818875,
        "0.2": 0.0005389073362965204,
        "0.3": 0.0003300853548435716,
        "0.4": 0.0007002207024473606,
        "0.5": 0.00039371764072012536,
        "0.6": 0.00039725078314137855,
        "0.7": 0.0006622677155179414,
        "0.8": 0.00038976293574935565,
        "0.9": 0.0008272205348908082,
        "1.0": 0.001086053483378552
    },
    "slim_book_crossing_new_seed": {
        "0.1": 0.00023544384852621132,
        "0.2": 0.007927120050392884,
        "0.3": 0.016504769015328383,
        "0.4": 0.02448887623909861,
        "0.5": 0.03096751651078205,
        "0.6": 0.03717948194492489,
        "0.7": 0.04631423757950798,
        "0.8": 0.05462814197323382,
        "0.9": 0.06341643158572381,
        "1.0": 0.07191411291668842
    },
    "svd_book_crossing_new_seed": {
        "0.1": 0.008853767705267804,
        "0.2": 0.011874784558485459,
        "0.3": 0.018181419721583054,
        "0.4": 0.027529081336553258,
        "0.5": 0.033352044409734195,
        "0.6": 0.03993784707643977,
        "0.7": 0.04590622170399923,
        "0.8": 0.05135208322940629,
        "0.9": 0.058449060320635404,
        "1.0": 0.06394398195130069
    },
    "svditemtoitem_book_crossing_new_seed": {
        "0.1": 0.007457843497228134,
        "0.2": 0.012699766759685734,
        "0.3": 0.015117905172276257,
        "0.4": 0.0212594097496581,
        "0.5": 0.024021854761528506,
        "0.6": 0.026980197490779907,
        "0.7": 0.028712894210581673,
        "0.8": 0.030824138166006897,
        "0.9": 0.031804870063761044,
        "1.0": 0.032802854872485236
    },
    "userknn_book_crossing_new_seed": {
        "0.1": 0.0010671881202206626,
        "0.2": 0.0027646156044480058,
        "0.3": 0.006202429736748309,
        "0.4": 0.010734643897783207,
        "0.5": 0.016017509689183508,
        "0.6": 0.02061397544077259,
        "0.7": 0.025067109337414455,
        "0.8": 0.029442087705322677,
        "0.9": 0.03309535319658902,
        "1.0": 0.038719725115637024
    }
}