{
    "bias_book_crossing_new_seed": {
        "0.1": 0.009628323238419622,
        "0.2": 0.008742103657289333,
        "0.3": 0.008968538941401313,
        "0.4": 0.009777635455402868,
        "0.5": 0.01058108995564394,
        "0.6": 0.010177799451093643,
        "0.7": 0.00987086379633996,
        "0.8": 0.009865323090356247,
        "0.9": 0.010159815754157708,
        "1.0": 0.010044414840259816
    },
    "popularity_book_crossing_new_seed": {
        "0.1": 0.01986741554700104,
        "0.2": 0.019970844711541244,
        "0.3": 0.020241902041209126,
        "0.4": 0.020184421106364096,
        "0.5": 0.020103448760514217,
        "0.6": 0.020213780796830963,
        "0.7": 0.02047802086687959,
        "0.8": 0.020805409581482512,
        "0.9": 0.02092652935942705,
        "1.0": 0.020998324989114796
    },
    "popular_book_crossing_new_seed": {
        "0.2": 0.016520747669760163,
        "0.1": 0.01656503574661748,
        "0.3": 0.01689159314371627,
        "0.4": 0.017295488805327053,
        "0.5": 0.01726884718029663,
        "0.6": 0.01753668411949845,
        "0.7": 0.017860093400757556,
        "0.8": 0.018118235059719573,
        "0.9": 0.018772162812793813,
        "1.0": 0.01896949391692002
    },
    "random_book_crossing_new_seed": {
        "0.1": 0.0006886872499818875,
        "0.2": 0.0005389073362965204,
        "0.3": 0.0003300853548435716,
        "0.4": 0.0007002207024473606,
        "0.5": 0.00039371764072012536,
        "0.6": 0.00039725078314137855,
        "0.7": 0.0006622677155179414,
        "0.8": 0.00038976293574935565,
        "0.9": 0.0008272205348908082,
        "1.0": 0.001086053483378552
    },
    "funksvd_book_crossing_new_seed": {
        "0.1": 0.012181856312831342,
        "0.2": 0.01187339601199022,
        "0.3": 0.012775548092381824,
        "0.4": 0.012956748240454598,
        "0.5": 0.012947278742907686,
        "0.6": 0.013376942491866429,
        "0.7": 0.013427944160083145,
        "0.8": 0.013832452992540966,
        "0.9": 0.013741858565137939,
        "1.0": 0.014054143755326187
    }
}