{
    "itemknn_lenskit_book_crossing_new_seed": {
        "0.1": 0.004547995140556689,
        "0.2": 0.0066816813163466755,
        "0.3": 0.008165980749377102,
        "0.4": 0.010863880891543626,
        "0.5": 0.018136418329153883,
        "0.6": 0.027570903877739732,
        "0.7": 0.0399245037650226,
        "0.8": 0.050754631337673196,
        "0.9": 0.06362977836234615,
        "1.0": 0.0738958365751914
    },
    "itemknn_recpack_book_crossing_new_seed": {
        "0.1": 0.0013402730197239901,
        "0.2": 0.0012876008733214018,
        "0.3": 0.0021990589166378796,
        "0.4": 0.004513674580689042,
        "0.5": 0.009339405894138564,
        "0.6": 0.018286733594499727,
        "0.7": 0.03159179323341002,
        "0.8": 0.044048808599941605,
        "0.9": 0.05653263597380653,
        "1.0": 0.06552063867396034
    },
    "nmf_book_crossing_new_seed": {
        "0.1": 0.012641156330422551,
        "0.2": 0.012725909536587717,
        "0.3": 0.013358133953371234,
        "0.4": 0.020171684504859864,
        "0.5": 0.026813171755241165,
        "0.6": 0.03237934062950634,
        "0.7": 0.03979514129834886,
        "0.8": 0.04605691422803408,
        "0.9": 0.05449368643553934,
        "1.0": 0.06007768159262385
    },
    "svd_book_crossing_new_seed": {
        "0.1": 0.008853767705267804,
        "0.2": 0.011874784558485459,
        "0.3": 0.018181419721583054,
        "0.4": 0.027529081336553258,
        "0.5": 0.033352044409734195,
        "0.6": 0.03993784707643977,
        "0.7": 0.04590622170399923,
        "0.8": 0.05135208322940629,
        "0.9": 0.058449060320635404,
        "1.0": 0.06394398195130069
    },
    "userknn_book_crossing_new_seed": {
        "0.1": 0.0010671881202206626,
        "0.2": 0.0027646156044480058,
        "0.3": 0.006202429736748309,
        "0.4": 0.010734643897783207,
        "0.5": 0.016017509689183508,
        "0.6": 0.02061397544077259,
        "0.7": 0.025067109337414455,
        "0.8": 0.029442087705322677,
        "0.9": 0.03309535319658902,
        "1.0": 0.038719725115637024
    }
}