{
    "ease_book_crossing_new_seed": {
        "0.1": 0.007823107746258447,
        "0.2": 0.014498405620122974,
        "0.3": 0.019778668691956363,
        "0.4": 0.027148667579047946,
        "0.5": 0.03300237711421906,
        "0.6": 0.039256387249616366,
        "0.7": 0.045480908408988815,
        "0.8": 0.050595970322671616,
        "0.9": 0.057812381536953866,
        "1.0": 0.06507073406940447
    },
    "implicitmf_book_crossing_new_seed": {
        "0.1": 0.009919827857241353,
        "0.2": 0.011076068453190419,
        "0.3": 0.01617315058767047,
        "0.4": 0.02033352401332404,
        "0.5": 0.02205252084159349,
        "0.6": 0.02401913518463911,
        "0.7": 0.027305429531329556,
        "0.8": 0.030717876869526546,
        "0.9": 0.033119641202400414,
        "1.0": 0.03748906665760601
    },
    "kunn_book_crossing_new_seed": {
        "0.1": 0.002153682213289995,
        "0.2": 0.003429078964859107,
        "0.3": 0.006183103129082958,
        "0.4": 0.010615040901625121,
        "0.5": 0.01805683927741981,
        "0.6": 0.02708158859320503,
        "0.7": 0.038221596125616125,
        "0.8": 0.049273074974659666,
        "0.9": 0.060986539910277,
        "1.0": 0.0706467685119278
    },
    "slim_book_crossing_new_seed": {
        "0.1": 0.00023544384852621132,
        "0.2": 0.007927120050392884,
        "0.3": 0.016504769015328383,
        "0.4": 0.02448887623909861,
        "0.5": 0.03096751651078205,
        "0.6": 0.03717948194492489,
        "0.7": 0.04631423757950798,
        "0.8": 0.05462814197323382,
        "0.9": 0.06341643158572381,
        "1.0": 0.07191411291668842
    },
    "svditemtoitem_book_crossing_new_seed": {
        "0.1": 0.007457843497228134,
        "0.2": 0.012699766759685734,
        "0.3": 0.015117905172276257,
        "0.4": 0.0212594097496581,
        "0.5": 0.024021854761528506,
        "0.6": 0.026980197490779907,
        "0.7": 0.028712894210581673,
        "0.8": 0.030824138166006897,
        "0.9": 0.031804870063761044,
        "1.0": 0.032802854872485236
    },
    "bpr_book_crossing": {
        "0.1": 0.0014175856493229657,
        "0.2": 0.0035301180217348765,
        "0.3": 0.004803399758275558,
        "0.4": 0.008216461777312447,
        "0.5": 0.010063990444931925,
        "0.6": 0.011129668385549771,
        "0.7": 0.013930059126185527,
        "0.8": 0.015507711081272267,
        "0.9": 0.017823875464741828,
        "1.0": 0.020437617035715613
    }
}